COMPANY,PNP ID,Approved on Date
2-TEL B.V,TTL,03/20/1999
21ST CENTURY ENTERTAINMENT,BUT,04/25/2002
3COM CORPORATION,TCM,11/29/1996
3D PERCEPTION,TDP,05/16/2002
3M,VSD,10/16/1998
3NOD DIGITAL TECHNOLOGY CO. LTD.,NOD,12/11/2014
A D S EXPORTS,NGS,07/16/1998
A PLUS INFO CORPORATION,API,11/29/1996
A&R CAMBRIDGE LTD.,ACG,06/13/2007
A+V LINK,APV,01/27/2010
A/VAUX ELECTRONICS,AVX,08/29/2012
AAEON TECHNOLOGY INC.,AAN,09/01/2016
AASHIMA TECHNOLOGY B.V.,TRU,05/08/1998
AAVA MOBILE OY,AAM,08/13/2013
"ABACO SYSTEMS, INC.",GEH,09/03/2010
"ABACO SYSTEMS, INC.",ABS,04/27/2016
ABBAHOME INC.,ABA,11/08/1999
ABEAM TECH LTD.,MEG,11/29/1996
ABLY-TECH CORPORATION,ATC,11/29/1996
ABOCOM SYSTEM INC.,ABC,03/28/1997
ACC MICROELECTRONICS,WTC,11/29/1996
ACCESS WORKS COMM INC,AWC,11/29/1996
ACCO UK LTD.,PKA,05/12/2003
ACCTON TECHNOLOGY CORPORATION,ACC,11/29/1996
ACCULOGIC,ACU,11/29/1996
ACCUSCENE CORPORATION LTD,ASL,06/13/2007
ACE CAD ENTERPRISE COMPANY LTD,ANT,11/29/1996
ACER INC,CHE,11/29/1996
ACER LABS,ALI,11/29/1996
ACER NETXUS INC,ANX,11/29/1996
ACER TECHNOLOGIES,ACR,11/29/1996
ACKSYS,ACK,11/29/1996
ACNHOR DATACOMM,ADC,11/29/1996
ACON,CAL,11/29/1996
ACROLINK INC,ALK,03/12/1997
ACROLOOP MOTION CONTROL SYSTEMS INC,ACM,03/26/1998
ACT LABS LTD,LAB,09/02/1997
ACTEK ENGINEERING PTY LTD,ACE,11/29/1996
ACTIONTEC ELECTRIC INC,AEI,11/29/1996
ACTIVCARD S.A,ACV,05/08/1998
ACULAB LTD,ACB,11/29/1996
ACUTEC LTD.,ALM,11/08/1999
AD ELECTRONICS,GLE,04/19/2000
AD LIB MULTIMEDIA INC,ADM,04/23/1998
ADAPTEC INC,ADP,11/29/1996
ADAX INC,ADX,11/29/1996
ADC-CENTRE,RSH,11/08/1999
ADD VALUE ENTERPISES (ASIA) PTE LTD,AVE,01/10/1999
ADDER TECHNOLOGY LTD,ADZ,03/30/2016
ADDI-DATA GMBH,ADA,11/29/1996
ADI SYSTEMS INC,ADI,11/29/1996
ADPM SYNTHESIS SAS,DPM,08/10/2000
ADRIENNE ELECTRONICS CORPORATION,AXB,10/07/1997
ADTEK,ADT,11/29/1996
ADTEK SYSTEM SCIENCE COMPANY LTD,ADK,11/29/1996
"ADTI MEDIA, INC",FLE,09/15/2009
ADTRAN INC,AND,11/29/1996
ADVAN INT'L CORPORATION,AGM,05/26/1998
ADVANCE COMPUTER CORPORATION,AVN,06/10/2010
ADVANCED DIGITAL SYSTEMS,MSM,11/29/1996
"ADVANCED ELECTRONIC DESIGNS, INC.",AED,07/12/2004
ADVANCED ENGINEERING,RJS,06/25/1998
ADVANCED GRAVIS,GRV,11/29/1996
ADVANCED INTEG. RESEARCH INC,AIR,11/29/1996
ADVANCED LOGIC,ALR,11/29/1996
ADVANCED MICRO DEVICES INC,ADV,11/29/1996
ADVANCED MICRO PERIPHERALS LTD,EVE,11/18/2011
"ADVANCED OPTICS ELECTRONICS, INC.",AOE,04/20/2004
ADVANCED PERIPHERAL DEVICES INC,ADD,11/29/1996
ADVANCED RESEARCH TECHNOLOGY,ABV,01/16/1997
ADVANCED SIGNAL PROCESSING TECHNOLOGIES,PSA,09/13/1999
"ADVANTECH CO., LTD.",AHC,06/13/2007
AERODATA HOLDINGS LTD,ADH,11/11/1997
AETAS PERIPHERAL INTERNATIONAL,AEP,11/08/1999
AETHRA TELECOMUNICAZIONI S.R.L.,AET,12/13/1996
AGENTUR CHAIROS,CHS,03/15/2001
AGILENT TECHNOLOGIES,AGT,10/08/2001
AHEAD SYSTEMS,ASI,11/29/1996
AIMS LAB INC,AIM,03/13/1998
"AIRLIB, INC",AYR,02/21/2000
"AIRONET WIRELESS COMMUNICATIONS, INC",AWL,08/11/1998
AIWA COMPANY LTD,AIW,11/29/1996
"AJA VIDEO SYSTEMS, INC.",AJA,10/11/2007
"AKAMI ELECTRIC CO.,LTD",AKE,09/03/2010
AKEBIA LTD,AKB,11/29/1996
AKIA CORPORATION,AKI,12/23/1998
AL SYSTEMS,ALH,01/20/1999
ALACRON INC,ALA,11/29/1996
ALANA TECHNOLOGIES,ALN,01/13/2000
ALCATEL,AOT,11/06/2001
ALCATEL BELL,ABE,11/29/1996
ALDEBBARON,ADB,03/15/2001
ALENCO BV,ALE,05/20/2014
"ALEXON CO.,LTD.",ALX,09/13/1999
ALFA INC,AFA,11/29/1996
ALGOLITH INC.,ALO,05/02/2005
"ALGOLTEK, INC.",AGO,10/23/2013
ALIEN INTERNET SERVICES,AIS,06/21/2001
ALLEN BRADLEY COMPANY,ABD,11/29/1996
ALLIANCE SEMICONDUCTOR CORPORATION,ALL,11/29/1996
ALLIED TELESIS KK,ATI,11/29/1996
ALLIED TELESYN INT'L,ATK,11/29/1996
ALLIED TELESYN INTERNATIONAL (ASIA) PTE LTD,ATA,11/10/1997
ALLION COMPUTER INC.,ACO,10/23/2000
ALPHA DATA,XAD,10/08/2009
ALPHA ELECTRONICS COMPANY,AEJ,11/29/1996
ALPHA TELECOM INC,ATD,09/26/1997
ALPHA-TOP CORPORATION,ATP,12/04/1996
ALPHAVIEW LCD,ALV,11/01/2008
"ALPINE ELECTRONICS, INC.",APE,01/22/2013
ALPS ELECTRIC COMPANY LTD,ALP,11/29/1996
ALPS ELECTRIC INC,AUI,11/29/1996
ALTA RESEARCH CORPORATION,ARC,11/29/1996
ALTEC CORPORATION,ALC,08/04/1998
ALTEC LANSING,ALJ,01/13/2000
"ALTINEX, INC.",AIX,04/24/2001
ALTMANN INDUSTRIEELEKTRONIK,AIE,11/29/1996
ALTOS COMPUTER SYSTEMS,ACS,11/29/1996
ALTOS INDIA LTD,AIL,11/29/1996
ALTRA,ALT,11/29/1996
ALVEDON COMPUTERS LTD,CNC,11/06/1998
"AMBIENT TECHNOLOGIES, INC.",AMB,05/16/1999
AMDEK CORPORATION,AMD,11/29/1996
AMERICA ONLINE,AOL,11/29/1996
AMERICAN BIOMETRIC COMPANY,YOW,05/16/1999
AMERICAN EXPRESS,AXP,07/16/1999
AMERICAN MAGNETICS,AXI,03/15/2001
AMERICAN MEGATRENDS INC,AMI,11/29/1996
AMERICAN NUCLEAR SYSTEMS INC,MCA,02/12/1997
AMERICAN POWER CONVERSION,CNB,03/15/2001
AMERICAN POWER CONVERSION,APC,11/29/1996
AMIMON LTD.,AMN,06/13/2007
AMINO TECHNOLOGIES PLC AND AMINO COMMUNICATIONS LIMITED,AMO,12/09/2011
AMIT LTD,AKL,12/02/1997
AMP INC,AMP,11/29/1996
AMPTRON INTERNATIONAL INC.,AII,05/24/2000
AMT INTERNATIONAL INDUSTRY,AMT,11/29/1996
"AMTRAN TECHNOLOGY CO., LTD.",AMR,06/10/2013
AMX LLC,AMX,07/06/2008
AN-NAJAH UNIVERSITY,BBB,03/15/2001
ANAKRON,ANA,11/08/1999
ANALOG & DIGITAL DEVICES TEL. INC,ADN,03/14/1997
ANALOG DEVICES INC,ADS,11/29/1996
ANALOG WAY SAS,ANW,01/22/2014
"ANALOGIX SEMICONDUCTOR, INC",ANL,10/10/2005
ANATEK ELECTRONICS INC.,AAE,05/25/2004
"ANCHOR BAY TECHNOLOGIES, INC.",ABT,02/14/2006
ANCOR COMMUNICATIONS INC,ACI,11/29/1996
ANCOT,ANC,11/29/1996
ANDERSON MULTIMEDIA COMMUNICATIONS (HK) LIMITED,AML,01/03/2003
ANDREW NETWORK PRODUCTION,ANP,11/29/1996
ANIGMA INC,ANI,11/29/1996
ANKO ELECTRONIC COMPANY LTD,ANK,03/24/1998
ANN ARBOR TECHNOLOGIES,AAT,04/24/2001
ANORAD CORPORATION,ANO,01/13/2000
ANR LTD,ANR,11/29/1996
ANSEL COMMUNICATION COMPANY,ANS,11/29/1996
ANTEX ELECTRONICS CORPORATION,AEC,11/29/1996
AOPEN INC.,AOA,11/06/2001
AP DESIGNS LTD,APX,12/08/1997
APACHE MICRO PERIPHERALS INC,DNG,11/11/1997
APLICOM OY,APL,05/02/2005
APPIAN TECH INC,APN,11/29/1996
APPLE COMPUTER INC,APP,11/29/1996
APPLIADATA,APD,11/29/1996
APPLIED CREATIVE TECHNOLOGY,ACT,11/29/1996
APPLIED MEMORY TECH,APM,11/29/1996
APRICOT COMPUTERS,ACL,11/29/1996
APRILIA S.P.A.,APR,02/22/1999
ARCHITEK CORPORATION,ATJ,01/22/2014
ARCHTEK TELECOM CORPORATION,ACH,01/15/1997
ARCUS TECHNOLOGY LTD,ATL,11/29/1996
AREC INC.,ARD,07/08/2013
ARESCOM INC,ARS,11/29/1996
ARGOLIS,AGL,03/15/2001
ARGOSY RESEARCH INC,ARI,02/24/1997
"ARGUS ELECTRONICS CO., LTD",ARG,06/04/2004
ARIEL CORPORATION,ACA,12/13/1996
ARIMA,ARM,04/07/2004
"ARITHMOS, INC.",ADE,07/16/1999
ARK LOGIC INC,ARK,11/29/1996
ARLOTTO COMNET INC,ARL,04/29/1997
"ARMSTEL, INC.",AMS ,02/25/2011
ARNOS INSTURMENTS & COMPUTER SYSTEMS,AIC,11/29/1996
"ARRIS GROUP, INC.",ARR,01/27/2015
ART S.R.L.,IMB,01/27/2012
ARTISH GRAPHICS INC,AGI,11/29/1996
ARVANICS,NPA,03/05/2015
ASAHI KASEI MICROSYSTEMS COMPANY LTD,AKM,11/29/1996
ASANTE TECH INC,ASN,11/29/1996
ASCOM BUSINESS SYSTEMS,HER,01/20/1999
ASCOM STRATEGIC TECHNOLOGY UNIT,ASC,11/29/1996
ASEM S.P.A.,ASM,03/15/2001
ASEM S.P.A.,AEM,11/29/1996
ASEV DISPLAY LABS,ASE,10/16/1998
ASHTON BENTLEY CONCEPTS,ASH,09/20/2013
ASIA MICROELECTRONIC DEVELOPMENT INC,AMA,09/24/1997
ASK A/S,ASK,11/29/1996
ASKEY COMPUTER CORPORATION,DYN,07/22/1997
ASKEY COMPUTER CORPORATION,AKY,04/02/1997
ASP MICROELECTRONICS LTD,ASP,11/29/1996
ASPEN TECH INC,ACP,11/29/1996
AST RESEARCH INC,AST,11/29/1996
ASTEC INC,JAC,11/29/1996
ASTRA SECURITY PRODUCTS LTD,ADL,07/30/1997
"ASTRO DESIGN, INC.",ATO,06/06/2003
ASTRO HQ LLC,AHQ,09/05/2018
ASUSCOM NETWORK INC,ASU,11/29/1996
ASUSTEK COMPUTER INC,AUS,12/21/2015
AT&T,ATT,11/29/1996
AT&T GLOBAL INFO SOLUTIONS,GIS,11/29/1996
AT&T MICROELECTRONICS,HSM,11/29/1996
AT&T MICROELECTRONICS,TME,11/29/1996
AT&T PARADYNE,PDN,11/29/1996
ATELIER VISION CORPORATION,AVJ,02/24/2015
ATHENA INFORMATICA S.R.L.,ATH,01/29/1997
ATHENA SMARTCARD SOLUTIONS LTD.,ATN,09/13/1999
ATHENIX CORPORATION,ATX,11/29/1996
ATI TECH INC,BUJ,11/29/1996
ATLANTIS,CFG,11/29/1996
ATM LTD,ATM,11/29/1996
ATOM KOMPLEX PRYLAD,AKP,10/23/2000
ATTACHMATE CORPORATION,AMC,11/29/1996
"ATTERO TECH, LLC",FWA,04/20/2010
AUDIO PROCESSING TECHNOLOGY LTD,APT,03/18/1997
AUDIOSCIENCE,ASX,11/29/1996
"AUGUST HOME, INC.",AUG,06/11/2014
AURAVISION CORPORATION,AVC,11/29/1996
AUREAL SEMICONDUCTOR,AUR,11/29/1996
AUTOLOGIC INC,APS,11/29/1996
AUTOMATED COMPUTER CONTROL SYSTEMS,CLT,09/13/1999
AUTOTIME CORPORATION,AUT,10/08/2001
AUVIDEA GMBH,AUV,04/21/2014
AVALUE TECHNOLOGY INC.,AVL,11/18/2011
AVANCE LOGIC INC,ALS,11/29/1996
AVATRON SOFTWARE INC.,AVS,08/23/2017
AVAYA COMMUNICATION,AVA,03/15/2001
AVEGANT CORPORATION,AVG,12/02/2015
AVENCALL,AEN,01/27/2012
AVER INFORMATION INC.,AVR,05/07/2010
AVID ELECTRONICS CORPORATION,AVD,11/29/1996
AVM GMBH,AVM,11/29/1996
AVOCENT CORPORATION,AVO,10/23/2000
AVOLITES LTD,AAA,02/17/2012
AVTEK (ELECTRONICS) PTY LTD,AVT,11/29/1996
AWETA BV,ACD,01/20/1998
AXEL,AXL,11/29/1996
AXELL CORPORATION,AXE,08/03/2016
"AXIOMTEK CO., LTD.",AXC,05/02/2005
AXONIC LABS LLC,AXO,06/21/2012
AXTEND TECHNOLOGIES INC,AXT,12/01/1997
AXXON COMPUTER CORPORATION,AXX,11/29/1996
"AXYZ AUTOMATION SERVICES, INC",AXY,08/11/1998
AYDIN DISPLAYS,AYD,06/13/2007
AZ MIDDELHEIM - RADIOTHERAPY,AZM,11/14/2003
AZTECH SYSTEMS LTD,AZT,11/29/1996
B&BH,BBH,01/17/2003
B.& V. S.R.L.,SMR,03/21/1997
B.F. ENGINEERING CORPORATION,BFE,11/29/1996
"B.U.G., INC.",BUG,08/30/2011
BANG & OLUFSEN,BNO,05/16/2003
BANKSIA TECH PTY LTD,BNK,11/29/1996
BANYAN,BAN,11/29/1996
BARC,BRC,08/10/2000
BARCO DISPLAY SYSTEMS,BDS,09/13/1999
BARCO GMBH,BCD,03/07/2011
BARCO GRAPHICS N.V,BGB,11/29/1996
"BARCO, N.V.",BPS,09/12/2000
"BARCO, N.V.",DDS,10/23/2000
BAUG & OLUFSEN,BEO,11/29/1996
BEAVER COMPUTER CORPORATON,BCC,11/29/1996
BECKHOFF AUTOMATION,BEC,04/25/2002
BECKWORTH ENTERPRISES INC,BEI,07/16/1997
"BEIHAI CENTURY JOINT INNOVATION TECHNOLOGY CO.,LTD",LHC,09/10/2019
"BEIJING AEROSPACE GOLDEN CARD ELECTRONIC ENGINEERING CO.,LTD.",AGC,06/21/2001
"BEIJING ANHENG SECOTECH INFORMATION TECHNOLOGY CO., LTD.",AHS,03/24/2015
"BEIJING ANTVR TECHNOLOGY CO., LTD.",ANV,08/24/2015
BEIJING NORTHERN RADIANTELECOM CO.,NRT,03/20/1999
BEKO ELEKTRONIK A.S.,BEK,06/15/2005
BELTRONIC INDUSTRIEELEKTRONIK GMBH,BEL,09/05/2006
BENSON MEDICAL INSTRUMENTS COMPANY,BMI,12/04/1996
BERNECKER & RAINER IND-ELETRONIK GMBH,BUR,11/29/1996
BEST BUY,INZ,06/04/2004
BEST BUY,VPR,05/16/2002
BEST POWER,BPU,11/29/1996
BIAMP SYSTEMS CORPORATION,BIA,05/14/2015
BICC DATA NETWORKS LTD,ICC,11/29/1996
BIG ISLAND COMMUNICATIONS,BIC,05/13/1997
BILD INNOVATIVE TECHNOLOGY LLC,BLD,10/22/2019
BILLION ELECTRIC COMPANY LTD,BIL,12/11/1996
BIOLINK TECHNOLOGIES,BLN,08/10/2000
"BIOLINK TECHNOLOGIES INTERNATIONAL, INC.",BIO,05/24/2000
BIOMED LAB,BML,05/22/1997
BIOMEDICAL SYSTEMS LABORATORY,BSL,10/16/1997
BIOMEDISYS,BMS,05/24/2000
BIOMETRIC ACCESS CORPORATION,BAC,05/19/1998
BIOTAO LTD,BTO,03/21/2012
BIT 3 COMPUTER,BIT,11/29/1996
BIT 3 COMPUTER,BTC,11/29/1996
BITFIELD OY,BTF,11/29/1996
"BITHEADZ, INC.",BHZ,09/29/2003
BITWORKS INC.,BWK,07/10/2003
BLACK BOX CORPORATION,BBX,02/28/2017
BLACKMAGIC DESIGN,BMD,09/13/2012
"BLONDER TONGUE LABS, INC.",BDR,09/16/2008
BLOOMBERG L.P.,BLP,09/16/2008
BLUEBOX VIDEO LIMITED,BBV,06/22/2017
BOCA RESEARCH INC,ZZZ,02/13/1997
BOCA RESEARCH INC,BRI,11/29/1996
"BODYSOUND TECHNOLOGIES, INC.",BST,03/12/2008
BOE,BOE,12/02/2004
BOECKELER INSTRUMENTS INC,BII,10/17/1996
BOORIA CAD/CAM SYSTEMS,BCS,05/11/2005
BOS,BOS,07/03/1997
BOSE CORPORATION,BSE,09/05/2006
BOULDER NONLINEAR SYSTEMS,BNS,03/12/2008
BRAEMAC PTY LTD,BRA,11/18/2010
BRAEMAR INC,BRM,10/07/1997
BRAHLER ICS,BDO,06/04/1998
BRAIN BOXES LIMITED,BBL,10/02/2001
"BRIDGE INFORMATION CO., LTD",BRG,08/11/1998
"BRIGHTSIGN, LLC",BSN,02/28/2012
BRILLIANT TECHNOLOGY,BTE,11/29/1996
BROADATA COMMUNICATIONS INC.,BCI,11/19/2013
BROADCOM,BCM,04/01/2004
"BROTHER INDUSTRIES,LTD.",BRO,02/21/2000
"BTC KOREA CO., LTD",NFC,02/25/2002
BUDZETRON INC,BGT,11/29/1996
BULL,BUL,02/03/1998
BULL AB,BNE,10/06/1998
BUSICOM,BLI,08/11/1998
BUSTECH INC,BTI,11/29/1996
BUSTEK,BUS,11/29/1996
BUTTERFLY COMMUNICATIONS,FLY,05/05/1997
BUXCO ELECTRONICS,BXE,11/29/1996
BYD:SIGN CORPORATION,BYD,04/10/2008
C-C-C GROUP PLC,FVX,05/04/1998
C-CUBE MICROSYSTEMS,CCC,11/29/1996
C-DAC,CEP,11/29/1996
C-MEDIA ELECTRONICS,CMI,11/29/1996
C3PO S.L.,XMM,03/03/1998
CA & F ELETTRONICA,CAC,05/16/1999
CABLETIME LTD,CBT,05/04/2010
CABLETRON SYSTEM INC,CSI,11/29/1996
CACHE,CCI,11/29/1996
CALCOMP,CAG,11/29/1996
CALCOMP,CDP,11/29/1996
CALIBRE UK LTD,CUK,09/15/2005
CALIFORNIA INSTITUTE OF TECHNOLOGY,CSO,03/20/1999
CAMBRIDGE AUDIO,CAM,08/09/2008
CAMBRIDGE ELECTRONIC DESIGN LTD,CED,11/29/1996
CAMBRIDGE RESEARCH SYSTEMS LTD,CMR,04/25/2002
CAMMEGH LIMITED,CRW,06/18/2019
CANON INC,CNN,11/29/1996
CANON INC.,CAI,11/06/2001
CANONICAL LTD.,UBU,05/24/2013
CANOPUS COMPANY LTD,CAN,11/29/1996
CAPELLA MICROSYSTEMS INC.,CPM,05/09/2012
CAPETRONIC USA INC,CCP,11/29/1996
CAPSTONE VISUA LPRODUCT DEVELOPMENT,DJE,10/09/2008
CARDINAL COMPANY LTD,CAR,11/29/1996
CARDINAL TECHNICAL INC,CRD,11/29/1996
CARDLOGIX,CLX,03/15/2001
"CARINA SYSTEM CO., LTD.",CKJ,09/03/2010
CARL ZEISS AG,CZE,06/03/2009
CARRERA COMPUTER INC,JAZ,01/01/1994
"CASIO COMPUTER CO.,LTD",CAS,10/06/1998
"CASTLES AUTOMATION CO., LTD",CAA,01/13/2000
"CAVIUM NETWORKS, INC",CAV,02/02/2011
CCL/ITRI,CCL,03/31/1997
CEBRA TECH A/S,CBR,11/29/1996
CEFAR DIGITAL VISION,CEF,02/19/1997
CENTURION TECHNOLOGIES P/L,CEN,10/23/2000
CENTURY CORPORATION,TCE,11/29/1996
CEREVO INC.,CRV,07/13/2010
CERONIX,CER,09/02/2008
CETON CORPORATION,TOM,05/08/2014
CH PRODUCTS,CHP,04/24/1997
"CHANGHONG ELECTRIC CO.,LTD",CHD,11/30/2001
CHAPLET SYSTEMS INC,FIR,11/29/1996
CHASE RESEARCH PLC,CHA,11/29/1996
CHENMING MOLD IND. CORP.,CMG,11/14/2003
CHERRY GMBH,CHY,05/16/1999
CHI MEI OPTOELECTRONICS CORP.,CMO,03/15/2001
CHIC TECHNOLOGY CORP.,CHM,07/16/1999
CHICONY ELECTRONICS COMPANY LTD,CEC,11/29/1996
CHIMEI INNOLUX CORPORATION,CMN,09/02/2010
"CHINA HUALU GROUP CO., LTD.",HLG,05/13/2013
CHLORIDE-R&D,CHL,11/29/1996
CHRISTIE DIGITAL SYSTEMS INC,CDG,04/24/2001
CHRISTMANN INFORMATIONSTECHNIK + MEDIEN GMBH & CO. KG,CHR,05/25/2017
CHROMATEC VIDEO PRODUCTS LTD,CVP,08/09/2013
CHRONTEL INC,CHI,11/29/1996
"CHUNGHWA PICTURE TUBES, LTD",CGA,01/01/1994
"CHUNGHWA PICTURE TUBES,LTD.",CHT,03/15/2001
"CHUNGHWA TELECOM CO., LTD.",CTE,05/16/2002
"CHUNICHI DENSHI CO.,LTD.",KCD,12/23/2010
"CHUOMUSEN CO., LTD.",QQQ,08/07/2002
CHYRON CORP,CGS,11/13/2008
CINE-TAL,CNE,06/13/2007
CIPHER SYSTEMS INC,PTG,11/29/1996
CIPRICO INC,CIP,11/29/1996
CIPRICO INC,CPC,11/29/1996
CIREL SYSTEMES,FPX,11/29/1996
CIRQUE CORPORATION,CRQ,11/29/1996
CIRRUS LOGIC INC,CIR,11/29/1996
CIRRUS LOGIC INC,CLI,11/29/1996
CIRTECH (UK) LTD,SNS,08/20/1997
CIS TECHNOLOGY INC,WSC,11/29/1996
CISCO SYSTEMS INC,CIS,11/29/1996
CITICOM INFOTECH PRIVATE LIMITED,CIL,08/10/2000
CITIFAX LIMITED,CIT,07/16/1997
CITRON GMBH,CIN,07/28/2005
CLARION COMPANY LTD,CLA,11/29/1996
CLARITY VISUAL SYSTEMS,CVS,01/13/2000
CLASSE AUDIO,CLE,02/16/2006
CLEVO COMPANY,CLV,01/30/1998
CLINTON ELECTRONICS CORP.,PPM,10/01/2003
CLONE COMPUTERS,CLO,11/29/1996
CLOUDIUM SYSTEMS LTD.,CSL,02/14/2013
CMC LTD,CMC,11/29/1996
CNET TECHNICAL INC,JQE,11/29/1996
"COBY ELECTRONICS CO., LTD",COB,06/13/2007
CODAN PTY. LTD.,COD,10/23/2000
CODEC INC.,COI,11/30/2001
CODENOLL TECHNICAL CORPORATION,CDN,11/29/1996
COINT MULTIMEDIA SYSTEMS,CNT,03/20/1999
COLIN.DE,CDE,01/18/2005
"COLORADO MICRODISPLAY, INC.",CMD,03/20/1999
"COLORADO VIDEO, INC.",CVI,08/15/2012
COM 1,MVX,11/29/1996
COMARK LLC,CMK,07/15/2020
COMEX ELECTRONICS AB,CMX,05/28/2004
COMM. INTELLIGENCE CORPORATION,CIC,11/29/1996
COMMAT L.T.D.,CLD,08/10/2000
"COMMUNICATIONS SPECIALIES, INC.",SDH,09/06/2005
COMMUNICATIONS SUPPLY CORPORATION (A DIVISION OF WESCO),INX,11/07/2012
COMPAL ELECTRONICS INC,CPL,11/29/1996
COMPAQ COMPUTER COMPANY,CPQ,11/29/1996
COMPOUND PHOTONICS,CPP,10/01/2013
COMPUADD,CPD,11/29/1996
COMPUMASTER SRL,CMS,02/22/1999
COMPUTER DIAGNOSTIC SYSTEMS,CDS,03/15/2001
COMPUTER PERIPHERALS INC,CPI,11/29/1996
COMPUTER TECHNOLOGY CORPORATION,CTP,03/26/1998
COMPUTERBOARDS INC,CBI,02/03/1998
COMPUTERM CORPORATION,CTM,11/29/1996
COMPUTONE PRODUCTS,CTN,11/29/1996
COMREX,COX,10/18/2011
"COMTEC SYSTEMS CO., LTD.",CTS,04/25/2002
COMTIME GMBH,CMM,09/23/2002
COMTROL CORPORATION,COM,11/29/1996
CONCEPT DEVELOPMENT INC,CDI,11/29/1996
CONCEPT SOLUTIONS & ENGINEERING,CSE,12/11/1996
CONCEPTS INC,DCI,11/29/1996
CONEXANT SYSTEMS,CXT,01/20/1999
CONGATEC AG,CGT,06/16/2011
CONNECT INT'L A/S,CNI,11/29/1996
CONNECTWARE INC,CWR,11/29/1996
CONRAC GMBH,CRC,04/20/2004
CONSULTANCY IN ADVANCED TECHNOLOGY,CAT,09/19/1997
CONSUMER ELECTRONICS ASSOCIATION,CEA,09/05/2006
"CONTEC CO.,LTD.",CCJ,08/10/2000
CONTEC COMPANY LTD,CON,11/29/1996
CONTEMPORARY RESEARCH CORP.,CRH,02/24/2015
CONTROL4 CORPORATION,CTR,05/28/2014
CONVERGENT DATA DEVICES,CDD,02/27/2004
CONVERGENT DESIGN INC.,CDV,09/05/2006
"CONVERGENT ENGINEERING, INC.",CIE,09/05/2018
COOLUX GMBH,COO,09/30/2010
CORE DYNAMICS CORPORATION,CDC,11/29/1996
CORE TECHNOLOGY INC,COT,04/19/2000
CORELOGIC,CLG,11/27/1998
CORION INDUSTRIAL CORPORATION,ART,11/29/1996
CORNERSTONE IMAGING,CRN,11/29/1996
COROLLARY INC,COR,12/13/1996
COSMIC ENGINEERING INC.,CSM,04/18/2012
COSTAR CORPORATION,COS,11/29/1996
COSYSTEMS INC,CTA,10/24/1998
COVIA INC.,CVA,05/11/2010
CPATH,CPT,03/09/1998
"CRALTECH ELECTRONICA, S.L.",CRA,03/24/2015
CRAY COMMUNICATIONS,CDK,11/29/1996
CRE TECHNOLOGY CORPORATION,IOA,06/30/1997
CREATIVE LABS INC,CRE,11/29/1996
CREATIVE LOGIC  ,CRL,10/16/1997
CREATIVE TECHNOLOGY LTD,CTL,11/29/1996
CREATIX POLYMEDIA GMBH,CTX,11/29/1996
CRESCENDO COMMUNICATION INC,CRS,11/29/1996
CRESTA SYSTEMS INC,CSD,08/01/1997
"CRESTRON ELECTRONICS, INC.",CEI,05/08/2006
CRIO INC.,CRI,09/13/1999
CROMACK INDUSTRIES INC,CII,01/22/1997
CRYSTAL COMPUTER,XTL,11/29/1996
CRYSTAL SEMICONDUCTOR,CSC,11/29/1996
CRYSTALAKE MULTIMEDIA,CLM,11/29/1996
CSS LABORATORIES,CSS,01/02/1997
CSTI INC,CST,11/29/1996
CTC COMMUNICATION DEVELOPMENT COMPANY LTD,CTC,10/21/1997
CUBIX CORPORATION,CUB,11/29/1996
"CURTISS-WRIGHT CONTROLS, INC.",CWC,04/05/2013
CYBERLABS,CYL,04/14/1998
CYBERVISION,CYB,05/13/1997
CYBERWARE,CYW,02/21/2000
CYBEX COMPUTER PRODUCTS CORPORATION,CBX,11/08/1999
CYCLADES CORPORATION,CYD,05/07/2001
CYLINK CORPORATION,CYC,11/29/1996
CYPRESS SEMICONDUCTOR CORPORATION,CYP,05/25/2016
CYRIX CORPORATION,CYX,10/21/1997
CYRIX CORPORATION,CRX,03/21/1997
CYTECHINFO INC,CYT,03/13/1998
CYVIZ AS,CYV,04/25/2002
"D&M HOLDINGS INC, PROFESSIONAL BUSINESS COMPANY",DMP,09/05/2006
D-LINK SYSTEMS INC,ABO,11/29/1996
D-LINK SYSTEMS INC,DLK,11/29/1996
D.N.S. CORPORATION,OPI,11/29/1996
DA2 TECHNOLOGIES CORPORATION,DDA,03/13/2006
DA2 TECHNOLOGIES INC,DAW,09/06/2005
DAEWOO ELECTRONICS COMPANY LTD,DWE,11/29/1996
DAI TELECOM S.P.A.,TLT,06/04/2003
"DAINTELECOM CO., LTD",DIN,11/08/1999
DAIS SET LTD.,DAI,02/21/2000
DAKTRONICS,DAK,06/23/2004
DALE COMPUTER CORPORATION,DCC,11/29/1996
DANCALL TELECOM A/S,DCT,08/12/1997
DANELEC MARINE A/S,DAN,12/24/2009
DANKA DATA DEVICES,DDD,11/29/1996
DAOU TECH INC,DAU,11/29/1996
DAT,HCA,03/15/2001
DATA APEX LTD,DAX,11/29/1996
DATA DISPLAY AG,DDI,07/17/2002
DATA EXPERT CORPORATION,DXP,11/29/1996
DATA EXPORT CORPORATION,EXP,11/29/1996
DATA GENERAL CORPORATION,DGC,11/29/1996
DATA MODUL AG,DMO,12/03/2013
DATA PRICE INFORMATICA,EBH,05/24/2001
DATA RACE INC,DRI,07/30/1997
DATA RAY CORP.,DRC,11/30/2001
DATA TRANSLATION,DTX,11/29/1996
DATA VIDEO,DVT,02/13/2007
DATABOOK INC,DBK,11/29/1996
DATACAST LLC,DCD,12/02/1997
DATACOMMUNICATIE TRON B.V.,TRN,11/29/1996
DATACUBE INC,DQB,11/29/1996
DATADESK TECHNOLOGIES INC,DDT,11/27/1998
DATAKEY INC,DKY,04/06/1998
DATALOGIC CORPORATION,LJX,11/29/1996
DATANG TELEPHONE CO,DTN,09/23/1998
DATAQ INSTRUMENTS INC,DII,11/29/1996
DATASAT DIGITAL ENTERTAINMENT,DDE,11/18/2011
DATATRONICS TECHNOLOGY INC,DCV,01/02/1997
DATEL INC,DAT,11/29/1996
DATENERFASSUNGS- UND INFORMATIONSSYSTEME,MSD,03/16/1998
DAVICOM SEMICONDUCTOR INC,DAV,01/15/1997
DAVIS AS,DAS,02/03/1998
DB NETWORKS INC,DBN,12/01/1997
DBA HANS WEDEMEYER,HWC,03/20/1999
DCM DATA PRODUCTS,DCM,11/29/1996
DEARBORN GROUP TECHNOLOGY,DGT,11/11/1997
DECIMATOR DESIGN PTY LTD,DXD,03/06/2012
DECROS LTD,DCR,11/29/1996
DEEP VIDEO IMAGING LTD,MLD,08/14/2003
DEI HOLDINGS DBA DEFINITIVE TECHNOLOGY,DFT,12/09/2011
DEICO ELECTRONICS,DEI,11/29/1996
DELL INC,DLL,03/27/2009
DELL INC.,DEL,12/09/2009
DELPHI AUTOMOTIVE LLP,DPH,10/15/2013
DELTA ELECTRONICS INC,DPC,11/29/1996
"DELTA INFORMATION SYSTEMS, INC",DDV,01/03/2012
DELTATEC,DTA,03/13/2009
DELTEC CORPORATION,FPS,11/29/1996
"DENON, LTD.",DON,04/01/2004
DENSION AUDIO SYSTEMS,DHD,03/04/2013
DENSITRON COMPUTERS LTD,DEN,09/13/1999
"DESIGN & TEST TECHNOLOGY, INC.",DTT,09/30/2010
DESIGN TECHNOLOGY,LPI,11/29/1996
DETERMINISTIC NETWORKS INC.,DNI,04/19/2000
DEUTSCHE TELEKOM BERKOM GMBH,BCQ,08/12/1997
DEUTSCHE THOMSON OHG,DTO,06/14/2007
DEVOLO AG,DVL,05/30/2002
DEXTERA LABS INC,DXL,12/09/2009
DFI,DFI,11/29/1996
DH PRINT,DHP,11/29/1996
DIADEM,DIA,11/29/1996
DIAGSOFT INC,DGS,11/29/1996
DIALOGUE TECHNOLOGY CORPORATION,DCO,06/16/2004
DIAMOND COMPUTER SYSTEMS INC,DCS,11/29/1996
DIAMOND LANE COMM. CORPORATION,DLC,11/29/1996
DICON,DNV,12/15/2004
DICTAPHONE CORPORATION,DVD,04/03/1998
DIEBOLD INC.,DBD,09/05/2006
DIEBOLD NIXDORF SYSTEMS GMBH,WNX,09/20/2004
DIGATRON INDUSTRIE ELEKTRONIK GMBH,DAE,02/24/1997
DIGI INTERNATIONAL,DGI,11/29/1996
DIGIBOARD INC,DBI,11/29/1996
DIGICOM S.P.A.,DIG,11/29/1996
DIGICOM SYSTEMS INC,DMB,03/13/1998
DIGICORP EUROPEAN SALES S.A.,DGP,05/22/1997
DIGIITAL ARTS INC,DGA,06/14/2007
DIGIPRONIX CONTROL SYSTEMS,DXC,07/16/1999
DIGITAL ACOUSTICS CORPORATION,DAC,05/24/2000
DIGITAL AUDIO LABS INC,DAL,11/29/1996
DIGITAL COMMUNICATIONS ASSOCIATION,DCA,11/29/1996
DIGITAL DISCOVERY,SHR,09/24/1997
DIGITAL EQUIPMENT CORPORATION,DEC,11/29/1996
DIGITAL PROCESSING SYSTEMS,DPS,11/29/1996
DIGITAL PROJECTION LIMITED,DPL,07/09/2002
DIGITAL REFLECTION INC.,DRD,02/21/2000
DIGITAL VIDEO SYSTEM,DVS,11/29/1996
DIGITAL-LOGIC GMBH,DLG,09/02/2003
DIGITALK PRO AV,DPA,10/23/2000
DIGITAN SYSTEMS INC,DSI,11/29/1996
DIGITELEC INFORMATIQUE PARK CADERA,DLT,11/29/1996
DIMENSION ENGINEERING LLC,DMN,02/06/2019
"DIMENSION TECHNOLOGIES, INC.",DTE,05/03/2010
DIMOND MULTIMEDIA SYSTEMS INC,DMM,11/29/1996
DISEDA S.A.,DIS,11/29/1996
DISGUISE TECHNOLOGIES,DSG,10/22/2019
DISPLAY SOLUTION AG,DSA,02/03/2016
"DISTRIBUTED MANAGEMENT TASK FORCE, INC. (DMTF)",DMT,03/31/2009
"DIVERSIFIED TECHNOLOGY, INC.",DTI,11/29/1996
"DNA ENTERPRISES, INC.",DNA,09/01/1998
DO NOT USE - AUO,AUO,09/16/2008
DO NOT USE - LPL,LPL,09/16/2008
DO NOT USE - PHI,PHI,11/29/1996
DO NOT USE - PTW,PTW,09/09/2009
DO NOT USE - PVC,PVC,09/09/2009
DO NOT USE - RTK,RTK,09/09/2009
DO NOT USE - SEG,SEG,09/09/2009
DO NOT USE - TNJ,TNJ,09/09/2009
DO NOT USE - UND,UND,11/29/1996
DO NOT USE - UNE,UNE,11/29/1996
DO NOT USE - UNF,UNF,11/29/1996
DO NOT USE - WAN,WAN,09/09/2009
DO NOT USE - XER,XER,09/09/2009
DO NOT USE - XOC,XOC,09/09/2009
DOBLE ENGINEERING COMPANY,DBL,11/29/1996
DOCUPOINT,DPI,11/29/1996
DOLBY LABORATORIES INC.,DLB,01/27/2010
DOLMAN TECHNOLOGIES GROUP INC,DOL,11/11/1997
DOMAIN TECHNOLOGY INC,DSP,11/29/1996
DOME IMAGING SYSTEMS,DMS,10/23/2000
DOME IMAGING SYSTEMS,DOM,11/29/1996
"DONGGUAN ALLLIKE ELECTRONICS CO., LTD.",AIK,04/11/2015
DOSCH & AMAND GMBH & COMPANY KG,DUA,12/02/1997
DOTRONIC MIKROELEKTRONIK GMBH,DOT,06/28/2002
"DPICT IMAGING, INC.",DIM,02/12/2008
"DPIX, INC.",DPX,09/23/1998
DPT,DPT,11/29/1996
DR. BOTT KG,DRB,04/25/2002
DR. NEUHOUS TELEKOMMUNIKATION GMBH,DNT,11/29/1996
DRAGON INFORMATION TECHNOLOGY,DIT,11/29/1996
"DRS DEFENSE SOLUTIONS, LLC",DRS,10/18/2011
DS MULTIMEDIA PTE LTD,DSD,02/14/2006
DSM DIGITAL SERVICES GMBH,DSM,11/29/1996
DSPACE GMBH,DCE,12/16/1996
DTC TECH CORPORATION,DTC,11/29/1996
"DUGOTECH CO., LTD",DGK,06/14/2007
DUNE MICROSYSTEMS CORPORATION,DMC,11/29/1996
DYCAM INC,DYC,01/08/1998
DYMO-COSTAR CORPORATION,DYM,12/28/1998
DYNABOOK INC.,TOS,11/29/1996
DYNAMIC CONTROLS LTD,DCL,05/24/2000
DYNAX ELECTRONICS (HK) LTD,DTK,11/29/1996
DYNAX ELECTRONICS (HK) LTD,DYX,11/29/1996
E-CMOS TECH CORPORATION,ECM,11/29/1996
E-NET INC,DTL,10/16/1997
E-SYSTEMS INC,ESY,11/29/1996
E-TECH INC,ETT,11/29/1996
E.DIGITAL CORPORATION,EDC,10/23/2000
E.E.P.D. GMBH,EEP,06/14/2007
EAGLE TECHNOLOGY,EGL,11/29/1996
EASTMAN KODAK COMPANY,KOD,05/24/2000
EASTMAN KODAK COMPANY,EKC,11/29/1996
EASYTEL OY,TWI,07/16/1999
EBS EUCHNER BÜRO- UND SCHULSYSTEME GMBH,EBS,02/05/2013
ECHO SPEECH CORPORATION,ECO,11/29/1996
ECHOSTAR CORPORATION,ECH,02/26/2016
ECLIPSE TECH INC,ETI,11/29/1996
EDEN SISTEMAS DE COMPUTACAO S/A,ESC,11/29/1996
EDIMAX TECH. COMPANY LTD,EDI,11/29/1996
EDMI,EDM,07/16/1998
EDSUN LABORATORIES,ELI,11/29/1996
"EE SOLUTIONS, INC.",EES,04/16/2003
EEH DATALINK GMBH,EEH,07/03/1997
EFFICIENT NETWORKS,ENI,11/29/1996
"EGENERA, INC.",EGN,10/08/2002
EICON TECHNOLOGY CORPORATION,EIC,11/29/1996
EIZO GMBH DISPLAY TECHNOLOGIES,EGD,02/13/2009
EIZO NANAO CORPORATION,ENC,12/28/1998
EIZO RUGGED SOLUTIONS,ERS,05/25/2016
EKSEN YAZILIM,EKS,04/25/2002
"EL-PUSK CO., LTD.",LPE,08/14/2001
ELAD SRL,ELA,04/25/2002
ELAN MICROELECTRONICS CORPORATION,ETD,11/03/2009
ELAN MICROELECTRONICS CORPORATION,TSH,11/14/2014
ELBIT SYSTEMS OF AMERICA,ESA,06/15/2009
ELCON SYSTEMTECHNIK GMBH,ESG,07/16/1999
ELEA CARDWARE,LXS,06/25/1998
ELECOM COMPANY LTD,ECP,11/29/1996
ELECOM COMPANY LTD,ELE,11/29/1996
ELECTRO CAM CORP.,ECA,08/10/2000
ELECTRO SCIENTIFIC IND,ELC,11/29/1996
ELECTRONIC MEASUREMENTS,MMM,11/29/1996
ELECTRONIC TRADE SOLUTIONS LTD,ETS,08/20/2002
ELECTRONIC-DESIGN GMBH,EDG,08/12/1997
ELECTROSONIC LTD,ELL,09/13/1999
ELEGANT INVENTION,EIN,03/29/2018
"ELEMENT LABS, INC.",ELT,10/11/2007
ELGATO SYSTEMS LLC,EGA,02/08/2011
ELITEGROUP COMPUTER SYSTEMS COMPANY LTD,ECS,11/29/1996
ELITEGROUP COMPUTER SYSTEMS COMPANY LTD,UEG,11/29/1996
ELMEG GMBH KOMMUNIKATIONSTECHNIK,ELG,11/29/1996
ELMIC SYSTEMS INC,ELM,11/29/1996
"ELMO COMPANY, LIMITED",EMO,06/26/2012
ELO TOUCHSYSTEMS INC,ELO,11/29/1996
ELONEX PLC,ELX,11/29/1996
ELSA GMBH,ELS,11/29/1996
ELTEC ELEKTRONIK AG,EAG,11/25/2014
EMBEDDED COMPUTING INC LTD,EMB,02/25/2002
EMBEDDED SOLUTION TECHNOLOGY,EST,05/24/2000
EMBRIONIX DESIGN INC.,EMD,07/24/2013
EMCORE CORPORATION,EMK,05/31/2012
EMERGING DISPLAY TECHNOLOGIES CORP,EDT,08/18/2009
EMG CONSULTANTS INC,EMG,11/29/1996
EMICRO CORPORATION,EMC,01/01/1994
"EMINE TECHNOLOGY COMPANY, LTD.",EME,06/16/2005
EMPAC,EPC,12/04/1996
EMULEX CORPORATION,EMU,11/29/1996
ENCIRIS TECHNOLOGIES,ECI,11/01/2008
ENCIRIS TECHNOLOGIES,ECT,11/01/2008
ENE TECHNOLOGY INC.,ENE,03/15/2001
ENHANSOFT,EHN,11/16/2010
ENIDAN TECHNOLOGIES LTD,END,04/19/2000
"ENSEMBLE DESIGNS, INC",ESD,12/09/2009
ENSONIQ CORPORATION,ENS,11/29/1996
ENTERPRISE COMM. & COMPUTING INC,ENT,11/29/1996
"ENVISION PERIPHERALS, INC",EPI,02/22/1999
"EON INSTRUMENTATION, INC.",EON,01/15/2015
EPICON INC.,EPN,09/23/1998
EPIPHAN SYSTEMS INC. ,EPH ,03/14/2011
EPSON RESEARCH,EHJ,11/29/1996
EQUINOX SYSTEMS INC,EQX,11/29/1996
EQUIPE ELECTRONICS LTD.,EQP,07/14/2005
ERGO ELECTRONICS,EGO,11/29/1996
ERGO SYSTEM,ERG,11/29/1996
ERICSSON MOBILE COMMUNICATIONS AB,ERI,10/22/1997
ERICSSON MOBILE NETWORKS B.V.,EUT,04/14/1998
"ERICSSON, INC.",ERN,09/23/1998
ES&S,ESK,11/08/1999
ESATURNUS,ESN,02/21/2012
ESCORT INSTURMENTS CORPORATION,ERT,05/02/1997
ESS TECHNOLOGY INC,ESS,11/29/1996
ESSENTIAL COMM. CORPORATION,ECC,11/29/1996
ESTERLINE BELGIUM BVBA,ESB,01/15/2015
ESTERLINE TECHNOLOGIES,ESL,01/06/2012
ET&T TECHNOLOGY COMPANY LTD,EEE,05/04/1998
ETEK LABS INC.,ETK,07/16/1998
ETHERBOOT PROJECT,ETH,07/09/2010
"EUGENE CHUKHLOMIN SOLE PROPRIETORSHIP, D.B.A.",ECK,05/03/2008
EURAPLAN GMBH,ERP,11/29/1996
EVANS AND SUTHERLAND COMPUTER,EAS,01/28/2003
EVEREX,EVX,11/29/1996
EVERTON TECHNOLOGY COMPANY LTD,ETC,04/10/1997
EVERTZ MICROSYSTEMS LTD.,ETL,06/14/2007
EVIATEG GMBH,EVI,02/21/2000
EX MACHINA INC,EMI,11/29/1996
EXABYTE,EXA,11/29/1996
EXACOM SA,YHW,11/29/1996
EXATECH COMPUTADORES & SERVICOS LTDA,EXT,09/23/1998
EXCEL COMPANY LTD,ECL,05/27/1997
EXCESSION AUDIO,EXC,11/06/1998
EXFO ELECTRO OPTICAL ENGINEERING,XFO,04/29/1998
EXIDE ELECTRONICS,EXI,11/29/1996
EXPLORER INC.,EXR,11/18/2015
"EXPRESS INDUSTRIAL, LTD.",ELU,09/10/2015
"EXPRESS LUCK, INC.",ELD,10/22/2019
"EXTENDED SYSTEMS, INC.",ESI,07/16/1999
EXTERITY LTD,EXY,02/12/2009
EXTRAORDINARY TECHNOLOGIES PTY LIMITED,CRO,04/11/2005
"EXTREME ENGINEERING SOLUTIONS, INC.",XES,06/22/2017
EXXACT GMBH,EXX,11/29/1996
EYEFACTIVE GMBH,EYF,07/07/2015
EYEVIS GMBH,EYE,11/18/2011
EZE TECHNOLOGIES,EZE,02/21/2005
F.J. TIEMAN BV,FJT,06/25/1998
FAIRFIELD INDUSTRIES,FFI,11/29/1996
"FANTALOOKS CO., LTD.",FAN,03/12/2014
FANUC LTD,FNC,01/29/1997
FARALLON COMPUTING,FAR,11/29/1996
FARO TECHNOLOGIES,FRO,09/21/2012
FAROUDJA LABORATORIES,FLI,06/02/2004
FAST MULTIMEDIA AG,FMA,11/29/1996
"FASTPOINT TECHNOLOGIES, INC.",FTI,06/21/2001
FEATURE INTEGRATION TECHNOLOGY INC.,FIT,08/11/2009
FELLOWES & QUESTEC,FEL,11/29/1996
"FELLOWES, INC.",FMI,07/05/2001
FEN SYSTEMS LTD.,FEN,05/04/2010
FERRANTI INT'L,FER,11/29/1996
FERRARI ELECTRONIC GMBH,TLA,12/04/1996
FHLP,FHL,11/29/1996
FIBERNET RESEARCH INC,FRI,11/29/1996
"FINDEX, INC.",FDX,10/22/2019
"FINECOM CO., LTD.",FIN,11/27/1998
FINGERPRINT CARDS AB,FPC,06/14/2013
FIRST INDUSTRIAL COMPUTER INC,PCG,11/29/1996
FIRST INTERNATIONAL COMPUTER INC,LEO,09/19/1997
FIRST INTERNATIONAL COMPUTER LTD,FCG,04/10/1997
FIRST VIRTUAL CORPORATION,FVC,11/29/1996
FLAT CONNECTIONS INC,FWR,11/29/1996
FLIGHTSAFETY INTERNATIONAL,SSD,08/10/2000
FLY-IT SIMULATORS,FIS,09/08/1997
"FOCALTECH SYSTEMS CO., LTD.",FTS,07/23/2013
"FOCUS ENHANCEMENTS, INC.",FCS,12/12/2002
FOKUS TECHNOLOGIES GMBH,FOK,10/22/2013
FOR-A COMPANY LIMITED,FOA,12/06/2008
FORCE COMPUTERS,FRC,11/29/1996
FORD MICROELECTRONICS INC,FMC,03/11/1997
FORE SYSTEMS INC,FSI,11/29/1996
FOREFRONT INT'L LTD,FIL,11/29/1996
FORMOSA INDUSTRIAL COMPUTING INC,FIC,11/29/1996
FORMOZA-ALTAIR,FMZ,04/25/2003
FORTH DIMENSION DISPLAYS LTD,FDD,07/07/2015
FORVUS RESEARCH INC,FRE,04/24/1997
FOSS TECATOR,FOS,10/22/1997
FOUNDER GROUP SHENZHEN CO.,FZC,11/08/1999
FOUNTAIN TECHNOLOGIES INC,FTN,11/29/1996
FOVE INC,FOV,07/01/2016
FRAUNHOFER HEINRICH-HERTZ-INSTITUTE,HHI,07/27/2012
FREEDOM SCIENTIFIC BLV,FRD,06/15/2007
FREEMARS HEAVY INDUSTRIES,TCX,03/15/2001
FRONTLINE TEST EQUIPMENT INC.,FTE,01/20/1999
FTG DATA SYSTEMS,FTG,11/29/1996
FUJI XEROX,FXX,11/29/1996
FUJIFILM CORPORATION,FFC,08/22/2011
FUJITSU DISPLAY TECHNOLOGIES CORP.,FDT,10/23/2002
FUJITSU GENERAL LIMITED.,FGL,02/21/2000
FUJITSU LTD,FUJ,11/29/1996
FUJITSU MICROELECT LTD,FML,11/29/1996
FUJITSU PERIPHERALS LTD,FPE,08/19/1997
FUJITSU SIEMENS COMPUTERS GMBH,FUS,01/13/2000
FUJITSU SPAIN,FJS,11/29/1996
FUJITSU TAKAMISAWA COMPONENT LIMITED,FJC,05/16/1999
FUJITSU TEN LIMITED,FTL,12/20/2011
"FUNAI ELECTRIC CO., LTD.",FNI,01/18/2005
FURUKAWA ELECTRIC COMPANY LTD,FCB,11/29/1996
"FURUNO ELECTRIC CO., LTD.",FEC,11/29/1996
"FUTURE DESIGNS, INC.",FDI,09/29/2014
FUTURE DOMAIN,FDC,11/29/1996
FUTURE SYSTEMS CONSULTING KK,FSC,11/29/1996
FUTURETOUCH CORPORATION,FTC,11/29/1996
FZI FORSCHUNGSZENTRUM INFORMATIK,FZI,08/12/1997
G&W INSTRUMENTS GMBH,SPH,02/25/2002
G-TECH CORPORATION,GTK,11/29/1996
G. DIEHL ISDN GMBH,GDI,11/29/1996
G2TOUCH KOREA,GGT,05/25/2017
GADGET LABS LLC,GLS,11/29/1996
GAGE APPLIED SCIENCES INC,GAG,11/29/1996
"GAI-TRONICS, A HUBBELL COMPANY",HUB,03/26/2009
GALIL MOTION CONTROL,GAL,11/29/1996
GARMIN INTERNATIONAL,GRM,12/09/2011
GARNET SYSTEM COMPANY LTD,GTM,11/29/1996
GATEWAY 2000,GWY,11/29/1996
GATEWAY COMM. INC,GCI,11/29/1996
GATEWORKS CORPORATION,GWK,07/31/2013
"GAUDI CO., LTD.",GAU,03/31/2003
GCC TECHNOLOGIES INC,GCC,06/05/1997
GDS,GDS,06/23/2004
GE FANUC EMBEDDED SYSTEMS,GEF,06/14/2007
GECHIC CORPORATION,GEC,01/04/2016
GEFEN INC.,GFN,10/11/2007
GEM PLUS,GEM,02/27/1998
GEMINI 2000 LTD,GMN,10/23/2000
GENERAL DATACOM,GDC,11/29/1996
GENERAL DYNAMICS C4 SYSTEMS,GED,01/09/2013
GENERAL INFORMATION SYSTEMS,GML,01/13/2000
GENERAL INST. CORPORATION,GIC,11/29/1996
GENERAL STANDARDS CORPORATION,GSC,07/16/1998
"GENERAL TOUCH TECHNOLOGY CO., LTD.",GTT,11/21/2002
GENESYS ATE INC,GEN,11/29/1996
GENESYS LOGIC,GLM,11/08/1999
GENNUM CORPORATION,GND,09/05/2006
GEO SENSE,GEO,11/29/1996
GEOTEST MARVIN TEST SYSTEMS INC,GTS,02/24/1998
GERMANEERS GMBH,GER,12/20/2011
GES SINGAPORE PTE LTD,GES,03/15/2001
GETAC TECHNOLOGY CORPORATION,GET,05/11/2010
GFMESSTECHNIK GMBH,GFM,03/15/2001
GI PROVISION LTD,GIP,02/08/2012
"GIGA-BYTE TECHNOLOGY CO., LTD.",GBT,09/05/2018
GLOBAL DATA SA,PST,11/29/1996
GLOBAL VILLAGE COMMUNICATION,GVL,11/29/1996
GMK ELECTRONIC DESIGN GMBH,GMK,01/18/2008
GMM RESEARCH INC,GMM,11/29/1996
GMX INC,GMX,11/29/1996
GN NETTEST INC,GNN,07/30/1997
GOEPEL ELECTRONIC GMBH,GOE,06/24/2013
GOLD RAIN ENTERPRISES CORP.,GRE,06/04/2003
GOLDMUND - DIGITAL AUDIO SA,GLD,02/06/2012
GOLDSTAR COMPANY LTD,GSM,11/29/1996
GOLDTOUCH,GTI,08/06/1997
GOOGLE INC.,GGL,05/26/2010
"GOPRO, INC.",GPR,01/15/2015
GRANCH LTD,GRH,09/23/2002
GRAND JUNCTION NETWORKS,GJN,11/29/1996
"GRANDSTREAM NETWORKS, INC.",GSN,03/03/2014
GRAPHIC SYSTEMTECHNOLOGY,GST,11/29/1996
GRAPHICA COMPUTER,GRA,11/29/1996
GRAPHTEC CORPORATION,GTC,11/29/1996
GRASS VALLEY GERMANY GMBH,TGV,06/14/2007
"GREENARRAYS, INC.",GAC,11/18/2015
GREY CELL SYSTEMS LTD,GCS,04/29/1997
GROSSENBACHER SYSTEME AG,GSY,04/19/2000
"GUANGZHOU SHIRUI ELECTRONICS CO., LTD.",SWO,10/16/2015
GUANGZHOU TECLAST INFORMATION TECHNOLOGY LIMITED,SKM,11/18/2015
GUILLEMONT INTERNATIONAL,GIM,10/29/1997
GUNTERMANN & DRUNCK GMBH,GUD,03/10/2003
GUNZE LIMITED,GZE,05/02/2005
GUNZE LTD,GNZ,11/29/1996
GUZIK TECHNICAL ENTERPRISES,GUZ,11/29/1996
GVC CORPORATION,GVC,11/29/1996
GW INSTRUMENTS,GWI,11/29/1996
H.P.R. ELECTRONICS GMBH,HPR,08/29/2007
HAGIWARA SYS-COM COMPANY LTD,HSC,11/29/1996
HAIDER ELECTRONICS,HAE,07/05/2001
HAIVISION SYSTEMS INC.,HAI,11/15/2007
HALBERTHAL,HAL,02/10/1998
HALL RESEARCH,HRI,05/10/2012
HAMAMATSU PHOTONICS K.K.,HPK,12/20/2006
"HAMPSHIRE COMPANY, INC.",HTI,01/20/1999
HANCHANG SYSTEM CORPORATION,HAN,06/21/2003
HANGZHOU ZMCHIVIN,ZMC,10/16/2015
HANNSTAR DISPLAY CORP,HSD,08/11/2009
HANNSTAR DISPLAY CORP,HSP,08/11/2009
HARDCOM ELEKTRONIK & DATATEKNIK,HDC,04/14/1998
"HARMAN INTERNATIONAL INDUSTRIES, INC",HII,01/09/2015
HARRIS & JEFFRIES INC,HJI,11/29/1996
HARRIS CANADA INC,HWA,03/13/1998
HARRIS CORPORATION,HAR,12/20/2011
HARRIS SEMICONDUCTOR,HRS,01/02/1997
HAUPPAUGE COMPUTER WORKS INC,HCW,11/29/1996
HAYES MICROCOMPUTER PRODUCTS INC,HAY,11/29/1996
HCL AMERICA INC,HCL,11/29/1996
HCL PERIPHERALS,HCM,10/02/2001
HD-INFO D.O.O.,HDI,10/08/2001
"HEADPLAY, INC.",HPI,04/30/2007
HENG YU TECHNOLOGY (HK) LIMITED,HYT,10/23/2000
HERCULES,HRC,03/15/2001
HERCULES,HRT,03/15/2001
HEROLAB GMBH,HRL,03/17/1998
HETEC DATENSYSTEME GMBH,HET,02/03/2004
HEWLETT PACKARD,HWP,03/15/2001
HEWLETT PACKARD,HPD,05/02/1997
HEWLETT PACKARD ENTERPRISE,HPE,09/22/2015
HEWLETT-PACKARD CO.,HPC,08/10/2000
HEWLETT-PACKARD CO.,HPQ,07/12/2004
HEXIUM LTD.,HXM,04/15/2008
HIBINO CORPORATION,HIB,07/09/2003
HIGHWATER DESIGNS LTD,HWD,11/29/1996
"HIKOM CO., LTD.",HIK,10/13/2003
HILEVEL TECHNOLOGY,HIL,11/29/1996
HIRAKAWA HEWTECH CORP.,HHC,05/20/2008
"HISENSE ELECTRIC CO., LTD.",HEC,01/01/1994
HITACHI AMERICA LTD,HIT,11/29/1996
HITACHI COMPUTER PRODUCTS INC,HCP,11/29/1996
"HITACHI CONSUMER ELECTRONICS CO., LTD",HCE,05/15/2009
"HITACHI INFORMATION TECHNOLOGY CO., LTD.",HIC,04/19/2000
HITACHI LTD,HTC,11/29/1996
"HITACHI MAXELL, LTD.",MXL,01/13/2000
HITACHI MICRO SYSTEMS EUROPE LTD,HEL,07/09/1997
HITEX SYSTEMENTWICKLUNG GMBH,HTX,01/30/1998
HKC OVERSEAS LIMITED,HKC,03/30/2016
HMK DATEN-SYSTEM-TECHNIK BMBH,HMK,09/30/1997
HOB ELECTRONIC GMBH,HOB,11/29/1996
HOFFMANN + KRIPPNER GMBH,HUK,07/01/2016
HOLOEYE PHOTONICS AG,HOL,02/02/2005
HOLOGRAFIKA KFT.,HDV,03/31/2005
HOLTEK MICROELECTRONICS INC,HTK,11/29/1996
HOME ROW INC,INC,11/29/1996
"HON HAI PRECISON IND.CO.,LTD.",FOX,08/02/2010
"HONKO MFG. CO., LTD.",HKA,12/01/2004
"HOPE INDUSTRIAL SYSTEMS, INC.",HIS,01/13/2014
HORNER ELECTRIC INC,APG,11/29/1996
"HORSENT TECHNOLOGY CO., LTD.",HST,04/11/2015
HOSIDEN CORPORATION,HOE,08/05/1997
HOYA CORPORATION PENTAX LIFECARE DIVISION,PNT,05/25/2017
HP INC.,HPN,12/21/2015
HTBLUVA MÖDLING,HTL,02/17/2014
HTC CORPORTATION,HVR,10/16/2015
HUALON MICROELECTRIC CORPORATION,HMC,11/29/1996
"HUALONG TECHNOLOGY CO., LTD",EBT,06/15/2007
"HUAWEI TECHNOLOGIES CO., INC.",HWV,04/25/2018
HUGHES NETWORK SYSTEMS,HNS,11/29/1996
"HUMAX CO., LTD.",HMX,02/14/2006
"HYC CO., LTD.",HYO,04/12/2006
"HYDIS TECHNOLOGIES.CO.,LTD",HYD,11/22/2010
HYNIX SEMICONDUCTOR,HYV,11/29/2008
HYPERCOPE GMBH AACHEN,HYC,12/01/1997
HYPERTEC PTY LTD,HYR,11/29/1996
HYPHEN LTD,HYP,11/29/1996
I&T TELECOM.,ITT,11/08/1999
I-O DATA DEVICE INC,IOD,11/29/1996
I-O DISPLAY SYSTEM,IOS,03/15/2001
I/OTECH INC,IOT,11/29/1996
IADEA CORPORATION,IAD,09/10/2015
IAT GERMANY GMBH,IAT,11/29/1996
IBM BRASIL,IBM,11/29/1996
IBM CORPORATION,CDT,11/29/1996
IBP INSTRUMENTS GMBH,IBP,09/23/1998
IBR GMBH,IBR,01/16/1998
IC ENSEMBLE,ICE,09/19/1997
ICA INC,ICA,05/20/2002
ICCC A/S,ICX,11/29/1996
ICD INC,ICD,06/09/1997
ICET S.P.A.,ARE,05/16/1999
"ICP ELECTRONICS, INC./IEI TECHNOLOGY CORP.",ICP,09/07/2012
ICRON,ICR,10/22/2019
ICSL,IUC,08/14/1997
ICUITI CORPORATION,XTD,06/14/2007
ICUITI CORPORATION,IWR,03/06/2007
ID3 SEMICONDUCTORS,ISC,03/15/2001
IDE ASSOCIATES,IDE,11/29/1996
IDEO PRODUCT DEVELOPMENT,IDO,09/30/1997
IDEX DISPLAYS,DEX,04/25/2002
IDEXX LABS,IDX,11/29/1996
IDK CORPORATION,IDK,04/16/2003
IDNEO TECHNOLOGIES,IDN,07/05/2012
IDTECH,ITS,06/17/2002
IEE,IEE,06/21/2001
IGM COMMUNI,IGM,11/29/1996
"IINFRA CO., LTD",IIN,05/09/2003
IIYAMA NORTH AMERICA,IVM,11/29/1996
IKEGAMI TSUSHINKI CO. LTD.,IKE,11/14/2014
IKOS SYSTEMS INC,IKS,11/29/1996
ILC,IND,06/16/2004
IMAGE LOGIC CORPORATION,ILC,11/29/1996
IMAGE STREAM MEDICAL,ISM,05/27/2010
"IMAGENICS CO., LTD.",IMG,09/05/2006
"IMAGEQUEST CO., LTD",IQT,10/08/2002
IMAGRAPH,IME,12/04/1996
IMAGRAPH,IMA,11/29/1996
IMASDE CANARIAS S.A.,IMD,07/03/1997
IMC NETWORKS,IMC,11/29/1996
IMMERSION CORPORATION,IMM,07/16/1997
IMMERSIVE AUDIO TECHNOLOGIES FRANCE,IMF,03/29/2018
IMP ELECTRONICS LTD.,HUM,06/16/2004
IMPINJ,IMP,08/14/2012
IMPOSSIBLE PRODUCTION,IMN,08/10/2000
IN FOCUS SYSTEMS INC,IFS,11/29/1996
IN4S INC,ALD,12/05/1997
INBINE.CO.LTD,IBI,11/06/2001
"INDTEK CO., LTD.",INK,03/26/2007
"INDUSTRIAL PRODUCTS DESIGN, INC.",IPD,07/16/1999
"INEOQUEST TECHNOLOGIES, INC",IQI,02/18/2011
INES GMBH,INS,11/29/1996
INFINEON TECHNOLOGIES AG,IFX,04/19/2000
INFINITE Z,IFZ,01/04/2012
INFORMATIK INFORMATION TECHNOLOGIES,IIT,08/14/2013
INFORMTECH,IFT,11/29/1996
INFOTEK COMMUNICATION INC,ICI,11/29/1996
"INFOTRONIC AMERICA, INC.",ITR,06/21/2001
INFRAMETRICS INC,INF,11/29/1996
INGRAM MACROTRON,VSN,08/10/2000
INGRAM MACROTRON GERMANY,VID,05/24/2000
INHAND ELECTRONICS,IHE,04/20/2010
INITIO CORPORATION,INI,11/29/1996
"INLIFE-HANDNET CO., LTD.",IVR,01/19/2017
INMAX TECHNOLOGY CORPORATION,IMT,02/12/2003
INNES,NES,07/01/2016
INNOLAB PTE LTD,INO,01/20/1999
INNOLUX DISPLAY CORPORATION,INL,12/15/2004
INNOMEDIA INC,INM,11/29/1996
INNOTECH CORPORATION,ILS,10/23/2000
INNOVATE LTD,ATE,11/29/1996
"INNOVENT SYSTEMS, INC.",INN,04/19/2000
INNOWARE INC,WII,01/30/1998
INOVATEC S.P.A.,inu,03/15/2001
INSIDE CONTACTLESS,ICV,11/04/2010
INSIDE OUT NETWORKS,ION,12/28/1998
INSIGNIA SOLUTIONS INC,ISG,11/29/1996
"INSIS CO., LTD.",ISR,02/12/2003
INSTITUT F R ANGEWANDTE FUNKSYSTEMTECHNIK GMBH,IAF,03/20/1999
INTEGRAPH CORPORATION,ING,11/29/1996
INTEGRATED BUSINESS SYSTEMS,IBC,11/29/1996
INTEGRATED CIRCUIT SYSTEMS,ICS,11/29/1996
"INTEGRATED DEVICE TECHNOLOGY, INC.",IDP,01/27/2010
INTEGRATED TECH EXPRESS INC,ITE,11/29/1996
INTEGRATED TECH EXPRESS INC,SRC,11/29/1996
INTEGRATED TECHNOLOGY EXPRESS INC,ITX,06/25/1997
"INTEGRATION ASSOCIATES, INC.",IAI,03/17/2004
INTEL CORP,ICO,08/10/2000
INTELLIGENT INSTRUMENTATION,III,11/29/1996
"INTELLIGENT PLATFORM MANAGEMENT INTERFACE (IPMI) FORUM (INTEL, HP, NEC, DELL)",IPI,05/24/2000
"INTELLIWORXX, INC.",IWX,05/16/1999
INTELLIX CORP.,SVC,01/18/2008
INTER-TEL,ITL,03/21/1997
"INTERACTION SYSTEMS, INC",TCH,03/20/1999
INTERACTIVE COMPUTER PRODUCTS INC,PEN,01/15/1997
INTERCOM INC,ITC,11/29/1996
INTERDIGITAL SISTEMAS DE INFORMACAO,IDS,10/28/1997
INTERFACE CORPORATION,FBI,11/29/1996
INTERFACE SOLUTIONS,ISI,11/29/1996
INTERGATE PTY LTD,IGC,11/29/1996
INTERLACE ENGINEERING CORPORATION,IEC,11/29/1996
INTERLINK ELECTRONICS,IEI,10/16/1998
INTERNATIONAL DATACASTING CORPORATION,IDC,02/25/1997
INTERNATIONAL DISPLAY TECHNOLOGY,IDT,05/16/2002
"INTERNATIONAL INTEGRATED SYSTEMS,INC.(IISI)",ISY,08/10/2000
INTERNATIONAL MICROSYSTEMS INC,IMI,11/29/1996
INTERNATIONAL POWER TECHNOLOGIES,IPT,04/11/1997
INTERNET TECHNOLOGY CORPORATION,ITD,12/05/1997
INTERPHASE CORPORATION,INP,11/29/1996
INTERPHASE CORPORATION,INT,11/29/1996
INTERSIL CORPORATION,LSD,03/14/2012
INTERSOLVE TECHNOLOGIES,IST,03/20/1999
INTERTEX DATA AB,IXD,11/29/1996
INTERVOICE INC,IVI,11/29/1996
INTEVAC PHOTONICS INC.,IVS,02/16/2011
INTRACOM SA,ICM,08/03/1998
INTRADA-SDD LTD,SDD,11/21/2007
INTRESOURCE SYSTEMS PTE LTD,ISP,08/27/1997
"INTUITIVE SURGICAL, INC.",SRG,02/16/2006
INVENTEC CORPORATION,INA,09/13/2013
INVENTEC ELECTRONICS (M) SDN. BHD.,INE,07/21/1998
"INVISO, INC.",INV,10/23/2000
IOMEGA,IOM,11/29/1996
IP POWER TECHNOLOGIES GMBH,IPP,12/06/2010
IP3 TECHNOLOGY LTD.,IPQ,11/11/2013
IPC CORPORATION,IPC,11/29/1996
IPM INDUSTRIA POLITECNICA MERIDIONALE SPA,IPM,09/23/1998
"IPS, INC. (INTELLECTUAL PROPERTY SOLUTIONS, INC.)",IPS,09/05/2001
"IPWIRELESS, INC",IPW,03/15/2001
IRDATA,IRD,04/24/2001
ISIC INNOSCAN INDUSTRIAL COMPUTERS A/S,IIC,07/23/2003
ISOLATION SYSTEMS,ISL,11/29/1996
ISS INC,ISS,11/29/1996
IT-PRO CONSULTING UND SYSTEMHAUS GMBH,ITP,10/23/2000
ITAUSA EXPORT NORTH AMERICA,ITA,11/29/1996
ITHACA PERIPHERALS,IPR,07/01/1997
ITK TELEKOMMUNIKATION AG,ITK,11/29/1996
ITM INC.,ITM,04/24/2001
JACE TECH INC,JCE,11/29/1996
"JAEIK INFORMATION & COMMUNICATION CO., LTD.",JIC,10/23/2000
JAN STRAPKO - FOTO,XFG,05/07/2001
JANICH & KLASS COMPUTERTECHNIK GMBH,JUK,10/08/2002
JANZ AUTOMATIONSSYSTEME AG,JAS,11/03/2009
"JAPAN AVIATION ELECTRONICS INDUSTRY, LIMITED",JAE,03/15/2001
"JAPAN DIGITAL LABORATORY CO.,LTD.",JDL,04/19/2000
JAPAN DISPLAY INC.,JDI,04/18/2013
"JAPAN E.M.SOLUTIONS CO., LTD.",JEM,05/24/2018
JATON CORPORATION,JAT,09/24/1997
"JET POWER TECHNOLOGY CO., LTD.",JET,03/15/2001
"JETWAY INFORMATION CO., LTD",JWY,09/22/2003
"JETWAY SECURITY MICRO,INC",JTY,11/11/2009
"JEWELL INSTRUMENTS, LLC",JWL,06/21/2001
"JIANGSU SHINCO ELECTRONIC GROUP CO., LTD",SHI,08/10/2004
JONES FUTUREX INC,JFX,11/29/1996
JONGSHINE TECH INC,LTI,11/29/1996
JOSEF HEIM KG,HKG,11/29/1996
JPC TECHNOLOGY LIMITED,JPC,10/23/2000
"JS DIGITECH, INC",JSD,10/23/2000
JS MOTORSPORTS,JTS,12/05/1997
JUNNILA,TPJ,03/15/2001
JUPITER SYSTEMS,JUP,09/05/2006
"JUPITER SYSTEMS, INC.",JSI,06/14/2007
JVC,JVC,10/23/2000
JVC KENWOOD CORPORATION,JKC,03/08/2012
JWSPENCER & CO.,JWS,07/16/1999
K-TECH,KTE,03/31/2003
K-ZONE INTERNATIONAL,KZN,06/21/2001
K-ZONE INTERNATIONAL CO. LTD.,KZI,08/10/2000
KANSAI ELECTRIC COMPANY LTD,SGE,12/04/1996
"KAOHSIUNG OPTO ELECTRONICS AMERICAS, INC.",HIQ,03/14/2012
KARN SOLUTIONS LTD.,KSL,05/08/2006
KARNA,KAR,02/21/2000
KATRON TECH INC,KTN,11/29/1996
KAYSER-THREDE GMBH,KTG,11/29/1996
KDDI TECHNOLOGY CORPORATION,KDT,05/22/2012
KDE,KDE,08/14/2001
KDS USA,KDS,11/29/1996
"KEISOKU GIKEN CO.,LTD.",KGL,04/17/2012
KENSINGTON MICROWARE LTD,KML,11/29/1996
KENWOOD CORPORATION,KWD,02/22/2008
KEPS,EPS,11/29/1996
KESA CORPORATION,KES,11/29/1996
KEY TECH INC,KEY,11/29/1996
KEY TRONIC CORPORATION,KTK,11/29/1996
KEYCORP LTD,KCL,05/20/1997
KEYENCE CORPORATION,KYN,03/30/2016
KEYVIEW,KVX,08/13/2012
KIDBOARD INC,KBI,04/24/1997
"KIMIN ELECTRONICS CO., LTD.",KME,02/15/2011
KINETIC SYSTEMS CORPORATION,KSC,11/29/1996
KING PHOENIX COMPANY,KPC,11/29/1996
KING TESTER CORPORATION,KSX,07/16/1998
KINGSTON TECH CORPORATION,KTC,11/29/1996
"KIONIX, INC.",KIO,12/23/2013
KISS TECHNOLOGY A/S,KIS,06/16/2005
"KLIPSCH GROUP, INC",KGI,09/22/2015
"KLOS TECHNOLOGIES, INC.",PVP,08/10/2000
KOBIL SYSTEMS GMBH,KBL,03/15/2001
KOBIL SYSTEMS GMBH,KOB,03/15/2001
KODIAK TECH,KDK,11/29/1996
KOFAX IMAGE PRODUCTS,KFX,11/29/1996
KOLLMORGEN MOTION TECHNOLOGIES GROUP,KOL,11/29/1996
KOLTER ELECTRONIC,KOE,03/15/2001
KOMATSU FOREST,KFE,04/20/2010
KONICA CORPORATION,KNC,08/05/1997
KONICA TECHNICAL INC,KTI,11/29/1996
KONTRON ELECTRONIK,TWE,11/29/1996
KONTRON EMBEDDED MODULES GMBH,KEM,08/29/2007
KONTRON EUROPE GMBH,KEU,02/20/2014
KONTRON GMBH,KOM,09/05/2018
"KOREA DATA SYSTEMS CO., LTD.",KDM,12/18/2003
"KOUZIRO CO.,LTD.",KOU,07/27/2012
"KOWA COMPANY,LTD.",KOW,03/12/2008
KRAMER ELECTRONICS LTD. INTERNATIONAL,KMR,07/10/2013
KRELL INDUSTRIES INC.,KRL,08/03/2004
KROMA TELECOM,KRM,05/05/2010
KROY LLC,KRY,07/16/1998
"KUPA CHINA SHENZHEN MICRO TECHNOLOGY CO., LTD. GOLD INSTITUTE",KSG,04/22/2014
KURTA CORPORATION,KUR,11/29/1996
KVASER AB,KVA,01/24/1997
KYE SYST CORPORATION,KYE,11/29/1996
KYOCERA CORPORATION,KYC,11/29/1996
KYUSHU ELECTRONICS SYSTEMS INC,KEC,01/12/1998
L-3 COMMUNICATIONS,LLL,05/11/2010
LA COMMANDE ELECTRONIQUE,LCE,11/29/1996
LABCAL TECHNOLOGIES,LCT,11/08/1999
LABTEC INC,LTC,12/08/1997
LABWAY CORPORATION,LWC,12/04/1996
LACIE,LAC,12/28/1998
LAGUNA SYSTEMS,LAG,11/29/1996
LAND COMPUTER COMPANY LTD,LND,11/29/1996
LANETCO INTERNATIONAL,LNT,05/02/2003
LANIER WORLDWIDE,LWW,11/29/1996
LARS HAAGH APS,LHA,01/09/1997
LASAT COMM. A/S,LAS,11/29/1996
LASER MASTER,LMT,11/29/1996
LASERDYNE TECHNOLOGIES,LDN,10/16/2013
"LASERGRAPHICS, INC.",LGX,02/21/2000
LATITUDE COMM.,LCM,11/29/1996
LAVA COMPUTER MFG INC,LAV,04/14/1997
LCI,LCC,08/10/2000
LECTRON COMPANY LTD,LEC,03/27/1997
LEDA MEDIA PRODUCTS,LMP,05/11/1998
"LEGERITY, INC",LEG,01/18/2005
LEITCH TECHNOLOGY INTERNATIONAL INC.,LTV,12/09/2003
LENOVO,LNV,07/14/2005
LENOVO BEIJING CO. LTD.,VLM,05/21/2019
LENOVO BEIJING CO. LTD.,LIN,05/22/2012
LENOVO GROUP LIMITED,LEN,06/03/2005
LEUTRON VISION,PRS,11/29/1996
LEXICAL LTD,LEX,11/29/1996
LEXICON,LCN,03/01/2005
LEXMARK INT'L INC,LMI,11/29/1996
LG SEMICOM COMPANY LTD,LGS,11/29/1996
LGIC,MAN,02/21/2000
LIFESIZE COMMUNICATIONS,LSC,02/14/2006
LIGHTHOUSE TECHNOLOGIES LIMITED,LHT,05/04/2010
LIGHTSPACE TECHNOLOGIES,LSP,03/29/2018
LIGHTWARE VISUAL ENGINEERING,LWR,02/04/2009
"LIGHTWARE, INC",LTW,10/16/1998
LIGHTWELL COMPANY LTD,LZX,12/02/1997
LIKOM TECHNOLOGY SDN. BHD.,LKM,04/23/1998
LINEAR SYSTEMS LTD.,LNR,10/11/2007
LINK TECH INC,LNK,11/29/1996
LINKED IP GMBH,LIP,07/19/2010
LISA DRAEXLMAIER GMBH,FGD,02/22/1999
LITE-ON COMMUNICATION INC,LCI,11/29/1996
LITELOGIC OPERATIONS LTD,LOL,12/09/2011
LITHICS SILICON TECHNOLOGY,LIT,03/15/2001
LITRONIC INC,LTN,02/03/1998
LLC SKTB “SKIT”,SKI,10/22/2019
LOCAMATION B.V.,LOC,01/09/2004
LOEWE OPTA GMBH,LOE,05/02/2005
LOGIC LTD,LGC,04/02/1994
LOGICAL SOLUTIONS,LSL,11/29/1996
LOGICODE TECHNOLOGY INC,LOG,11/29/1996
LOGIDATATECH ELECTRONIC GMBH,LDT,03/15/2001
LOGITECH INC,LGI,11/29/1996
LOGOS DESIGN A/S,SGO,04/24/2001
LONG ENGINEERING DESIGN INC,LED,11/29/1996
LONGSHINE ELECTRONICS COMPANY,LCS,11/29/1996
LOUGHBOROUGH SOUND IMAGES,LSI,11/29/1996
LSI JAPAN COMPANY LTD,LSJ,11/29/1996
LSI SYSTEMS INC,LSY,11/29/1996
LTS SCALE LLC,LTS,11/15/2007
LUBOSOFT,LBO,04/24/2001
LUCENT TECHNOLOGIES,LUC,04/19/2000
LUCENT TECHNOLOGIES,LMG,01/13/1997
LUCIDITY TECHNOLOGY COMPANY LTD,LTK,05/18/1998
"LUMAGEN, INC.",LUM,08/12/2004
LUNG HWA ELECTRONICS COMPANY LTD,LHE,06/12/1998
LUXEON,LXN,03/15/2001
LUXXELL RESEARCH INC,LUX,06/09/1997
LVI LOW VISION INTERNATIONAL AB,LVI,01/21/2011
LXCO TECHNOLOGIES AG,LXC,01/11/2012
M-G TECHNOLOGY LTD,MGL,10/29/1997
M-LABS LIMITED,OHW,11/27/2013
M-PACT INC,MPC,11/29/1996
M-SYSTEMS FLASH DISK PIONEERS,MSF,12/17/1997
MAC SYSTEM COMPANY LTD,MAC,09/26/1997
"MAC-EIGHT CO., LTD.",MEJ,01/19/2011
MACRAIGOR SYSTEMS INC,OCD,03/23/1998
MACROCAD DEVELOPMENT INC.,VHI,04/19/2000
MACRONIX INC,MXI,11/29/1996
MADGE NETWORKS,MDG,11/29/1996
MAESTRO PTY LTD,MAE,12/04/1996
MAG INNOVISION,MAG,11/29/1996
MAGIC LEAP,MLP,11/14/2014
MAGNI SYSTEMS INC,MCP,11/29/1996
MAGTEK INC.,EKA,02/14/2006
MAGUS DATA TECH,MDT,11/29/1996
MAINPINE LIMITED,MPN,06/30/2007
MAINPINE LIMITED,MUK,09/13/1999
"MANY CNC SYSTEM CO., LTD.",PAK,03/12/2004
MAPLE RESEARCH INST. COMPANY LTD,MPL,11/29/1996
"MARANTZ JAPAN, INC.",MJI,10/23/2000
MARCONI INSTRUMENTS LTD,MIL,11/29/1996
MARCONI SIMULATION & TY-COCH WAY TRAINING,MRC,11/29/1996
MARINA COMMUNICAITONS,MCR,11/29/1996
MARK LEVINSON,MLN,02/28/2005
MARK OF THE UNICORN INC,MTU,03/21/1997
MARS-TECH CORPORATION,MTC,11/29/1996
"MARSEILLE, INC.",MNI,02/27/2013
MARSHALL ELECTRONICS,MBM,03/13/2006
MARUKO & COMPANY LTD,MRK,11/29/1996
MASPRO DENKOH CORP.,MSR,10/25/2012
MASS INC.,MAS,02/25/2002
MAT'S COMPUTERS,MCQ,07/22/2004
MATELECT LTD.,MEQ,05/30/2002
MATRIX ORBITAL CORPORATION,MOC,11/13/2017
MATROX,MTX,11/29/1996
"MATSUSHITA COMMUNICATION INDUSTRIAL CO., LTD.",WPA,03/15/2001
MATSUSHITA ELECTRIC IND. COMPANY LTD,MAT,11/29/1996
MAXCOM TECHNICAL INC,MTI,11/29/1996
MAXDATA COMPUTER AG,VOB,02/21/2000
MAXDATA COMPUTER GMBH & CO.KG,MXD,04/19/2000
MAXPEED CORPORATION,MXP,02/19/1997
MAXTECH CORPORATION,MXT,11/29/1996
MAXVISION CORPORATION,MXV,07/16/1999
"MAYGAY MACHINES, LTD",DJP,08/10/2000
MAYNARD ELECTRONICS,MAY,11/29/1996
MAZET GMBH,MAZ,08/11/1998
MBC,MBC,11/29/1996
MCDATA CORPORATION,MCD,11/29/1996
MCINTOSH LABORATORY INC.,MLI,01/18/2008
MCM INDUSTRIAL TECHNOLOGY GMBH,MIT,10/29/2004
MEC ELECTRONICS GMBH,CEM,04/19/2000
MEDAR INC,MDR,12/11/1996
MEDIA TECHNOLOGIES LTD.,MTB,01/05/2009
MEDIA TEK INC.,MKC,06/14/2007
MEDIA VISION INC,MVI,11/29/1996
MEDIA4 INC,MDA,03/20/1997
MEDIACOM TECHNOLOGIES PTE LTD,OWL,11/29/1996
MEDIAEDGE CORPORATION,MEK,11/19/2013
MEDIAFIRE CORP.,MFR,12/28/1998
MEDIASONIC,FTR,11/29/1996
MEDIATEC GMBH,MTE,12/13/1996
MEDIATEK CORPORATION,MDK,03/13/1997
MEDIATRIX PERIPHERALS INC,MPI,04/24/1997
"MEDICAPTURE, INC.",MVR,05/25/2017
MEDICAROID CORPORATION,MCJ,08/20/2018
MEDIKRO OY,MRO,09/19/1997
MEGA SYSTEM TECHNOLOGIES INC,MEC,12/29/1997
"MEGA SYSTEM TECHNOLOGIES, INC.",MGA,12/28/1998
MEGAPIXEL VISUAL REALTY,MPV,07/15/2020
MEGASOFT INC,MSK,11/29/1996
MEGATECH R & D COMPANY,MGT,11/29/1996
MELD TECHNOLOGY,MEP,08/16/2012
MEN MIKROELECTRONIK NUERUBERG GMBH,MEN,05/23/1997
MENTOR GRAPHICS CORPORATION,MGC,07/30/2009
MEPCO,RLD,03/15/2001
MEPHI,PPD,11/27/1998
MERGING TECHNOLOGIES,MRT,11/29/1996
MERIDIAN AUDIO LTD,MAL,02/04/2009
MESSELTRONIK DRESDEN GMBH,MED,11/29/1996
MET DEVELOPMENT INC,MDV,11/29/1996
META COMPANY,MVN,05/25/2016
"META VIEW, INC.",CFR,07/15/2020
META WATCH LTD,MTA,08/29/2013
METHEUS CORPORATION,MET,11/29/1996
METRICOM INC,MCM,11/29/1996
METRONICS INC,QCH,11/29/1996
METTLER TOLEDO,NET,11/29/1996
METZ-WERKE GMBH & CO KG,MCE,06/30/2005
MICOM COMMUNICATIONS INC,MIC,05/05/1997
"MICOMSOFT CO., LTD.",MSX,04/10/2008
MICRO COMPUTER SYSTEMS,MCS,11/29/1996
MICRO DESIGN INC,MDI,01/20/1998
MICRO DISPLAY SYSTEMS INC,MDS,11/29/1996
MICRO FIRMWARE,MFI,12/30/1997
MICRO INDUSTRIES,MCC,04/21/2003
"MICRO SOLUTIONS, INC.",BPD,04/19/2000
MICRO SYSTEMATION AB,MSA,11/08/1999
MICRO TECHNICAL COMPANY LTD,JMT,11/29/1996
MICRO-TECH HEARING INSTRUMENTS,MTH,12/15/1997
MICROBUS PLC,MBD,08/13/2002
MICROCOM,MNP,11/29/1996
MICRODATEC GMBH,MDX,09/13/1999
MICRODISPLAY CORPORATION,MRD,06/14/2007
MICRODYNE INC,MDY,12/18/1996
MICROFIELD GRAPHICS INC,MFG,11/29/1996
MICROIMAGE VIDEO SYSTEMS,MIV,12/08/2015
MICROLAB,MPJ,05/23/1997
MICROLINE,LAF,09/13/1999
MICROLOGICA AG,MLG,10/06/1998
MICROMED BIOTECNOLOGIA LTD,MMD,12/11/1996
MICROMEDIA AG,MMA,04/24/1997
MICRON ELECTRONICS INC,MCN,02/20/1997
MICRONICS COMPUTERS,MCI,11/29/1996
MICRONPC.COM,MIP,08/10/2000
MICRONYX INC,MYX,11/29/1996
"MICROPIX TECHNOLOGIES, LTD.",MPX,10/08/2001
MICROSLATE INC.,MSL,05/16/1999
MICROSOFT,PNP,03/05/2004
MICROSOFT,MSH,11/29/1996
MICROSOFT,PNG,11/29/1996
MICROSOFTWARE,WBN,01/14/1998
MICROSTEP,MSI,11/29/1996
MICROTEC,MCT,11/29/1996
"MICROTECHNICA CO.,LTD.",MTJ,01/04/2016
MICROTEK INC.,MKT,07/14/2005
MICROTEK INTERNATIONAL INC.,MTK,02/25/2002
MICROTOUCH SYSTEMS INC,MSY,08/10/2000
MICROVISION,MVS,02/13/2009
MICROVITEC PLC,MVD,11/29/1996
MICROWAY INC,MWY,11/29/1996
MIDORI ELECTRONICS,MDC,11/29/1996
MIKROFORUM RING 3,SFT,11/02/2004
MILCOTS,MLC,07/15/2020
MILDEF AB,MDF,06/23/2016
MILESTONE EPE,MLS,08/11/1998
MILLENNIUM ENGINEERING INC,MLM,11/29/1996
MILLOGIC LTD.,MLL,01/09/2014
MILLSON CUSTOM SOLUTIONS INC.,MCX,10/17/2013
MILTOPE CORPORATION,VTM,09/23/2009
MIMIO – A NEWELL RUBBERMAID COMPANY,MIM,07/31/2012
MIMO MONITORS,MMT,10/22/2019
MINDTECH DISPLAY CO. LTD,MTD,06/14/2007
"MINDTRIBE PRODUCT ENGINEERING, INC.",FTW,02/14/2011
MINI MICRO METHODS LTD,MNC,11/29/1996
MINICOM DIGITAL SIGNAGE,MIN,08/13/2010
MINIMAN INC,MMN,11/29/1996
MINNESOTA MINING AND MANUFACTURING,MMF,03/15/2001
MIRANDA TECHNOLOGIES INC,MRA,11/29/1996
MIRATEL,MRL,10/16/1998
MIRO COMPUTER PROD.,MIR,11/29/1996
MIRO DISPLAYS,MID,03/20/1999
MISTRAL SOLUTIONS [P] LTD.,MSP,09/23/1998
MITEC INC,MII,11/29/1996
MITEL CORPORATION,MTL,08/01/1997
MITRON COMPUTER INC,MTR,11/29/1996
MITSUBISHI ELECTRIC CORPORATION,MEL,11/29/1996
"MITSUBISHI ELECTRIC ENGINEERING CO., LTD.",MEE,10/03/2005
MITSUMI COMPANY LTD,KMC,11/29/1996
MJS DESIGNS,MJS,11/29/1996
"MK SEIKO CO., LTD.",MKS,06/18/2013
MMS ELECTRONICS,MMS,02/24/1998
MODESTO PC INC,FST,02/27/1997
MODIS,MDD,11/08/1999
MODULAR INDUSTRIAL SOLUTIONS INC,MIS,11/29/1996
MODULAR TECHNOLOGY,MOD,06/09/1997
MOMENTUM DATA SYSTEMS,MOM,01/18/2008
MONORAIL INC,MNL,02/18/1997
MONYDATA,MYA,11/29/1996
MORETON BAY,MBV,01/13/2000
MOSES CORPORATION,MOS,11/29/1996
MOSGI CORPORATION,MSV,11/29/1996
MOTION COMPUTING INC.,MCO,05/30/2002
MOTIUM,MTM,06/19/2012
MOTOROLA,MSU,03/15/2001
MOTOROLA COMMUNICATIONS ISRAEL,MCL,07/02/2002
MOTOROLA COMPUTER GROUP,MCG,08/14/1997
MOTOROLA UDS,MOT,11/29/1996
MOUSE SYSTEMS CORPORATION,MSC,11/29/1996
MOXA INC.,MHQ,10/22/2019
"MPL AG, ELEKTRONIK-UNTERNEHMEN",MEU,01/15/2016
MPS SOFTWARE GMBH,MPS,11/29/1996
MS TELEMATICA,MST,04/28/1997
MSC VERTRIEBS GMBH,MEX,06/04/2012
MSI GMBH,MSG,09/13/1999
"MTRON STORAGE TECHNOLOGY CO., LTD.",MTN,06/17/2008
MULTI-DIMENSION INSTITUTE,MUD,10/23/2000
MULTI-TECH SYSTEMS,MTS,11/29/1996
MULTIMAX,MMI,11/29/1996
MULTIQ PRODUCTS AB,MQP,03/20/1999
MULTIWAVE INNOVATION PTE LTD,MWI,11/29/1996
MUTOH AMERICA INC,MAI,09/13/1999
MWARE,MWR,04/24/2001
MYLEX CORPORATION,MLX,11/29/1996
MYRIAD SOLUTIONS LTD,MYR,11/29/1996
MYSE TECHNOLOGY,WYS,11/29/1996
N*ABLE TECHNOLOGIES INC,NBL,04/28/1998
"N-TRIG INNOVATIVE TECHNOLOGIES, INC.",NTR,10/03/2005
N-VISION,JEN,10/23/2000
NAD ELECTRONICS,NAD,06/14/2007
"NAITOH DENSEI CO., LTD.",NDK,04/12/2006
NAJING CEC PANDA FPD TECHNOLOGY CO. LTD,NCP,02/24/2015
"NAKANO ENGINEERING CO.,LTD.",NAK,07/22/2009
"NAKAYO RELECOMMUNICATIONS, INC.",NYC,08/10/2000
NANOMACH ANSTALT,SCS,11/29/1996
NASA AMES RESEARCH CENTER,ADR,11/29/1996
NATIONAL DATACOMM CORPORAITON,NDC,11/29/1996
NATIONAL DISPLAY SYSTEMS,NDI,08/08/2003
NATIONAL INSTRUMENTS CORPORATION,NIC,11/29/1996
NATIONAL KEY LAB. ON ISN,NBS,07/16/1998
NATIONAL SEMICONDUCTOR CORPORATION,NSC,11/29/1996
NATIONAL SEMICONDUCTOR JAPAN LTD,TTB,04/14/1997
NATIONAL TRANSCOMM. LTD,NTL,11/29/1996
NATIONZ TECHNOLOGIES INC.,ZIC,03/12/2009
NATURAL MICRO SYSTEM,NMS,11/29/1996
NATURALPOINT INC.,NAT,09/03/2010
NAVATEK ENGINEERING CORPORATION,NVT,03/02/1998
"NAVICO, INC.",NME,11/28/2012
NAVIGATION CORPORATION,NAV,02/22/1999
NAXOS TECNOLOGIA,NAX,12/12/1997
NCAST CORPORATION,NAC,02/14/2006
NCR CORPORATION,DUN,04/25/2002
NCR CORPORATION,NCC,11/29/1996
NCR ELECTRONICS,NCR,11/29/1996
NDF SPECIAL LIGHT PRODUCTS B.V.,NDF,09/18/2014
NDS LTD,DMV,06/25/1997
NEC CORPORATION,NEC,05/24/2000
"NEC CUSTOMTECHNICA, LTD.",NCT,10/23/2002
NEC-MITSUBISHI ELECTRIC VISUAL SYSTEMS CORPORATION,NMV,02/25/2002
"NEO TELECOM CO.,LTD.",NEO,11/08/1999
NEOMAGIC,NMX,11/29/1996
NEOTECH S.R.L,NTC,11/11/1997
NETACCESS INC,NTX,02/07/1997
NETCOMM LTD,NCL,11/29/1996
NETVISION CORPORATION,NVC,11/29/1996
NETWORK ALCHEMY,NAL,09/30/1997
NETWORK DESIGNERS,NDL,11/29/1996
NETWORK GENERAL,NGC,08/26/1997
NETWORK INFO TECHNOLOGY,NIT,11/29/1996
NETWORK PERIPHERALS INC,NPI,11/29/1996
NETWORK SECURITY TECHNOLOGY CO,NST,02/22/1999
NETWORTH INC,NTW,11/29/1996
"NEUROSKY, INC.",NSA,08/28/2013
NEUROTEC - EMPRESA DE PESQUISA E DESENVOLVIMENTO EM BIOMEDICINA,NEU,03/15/2001
NEW TECH INT'L COMPANY,NTI,11/29/1996
NEWCOM INC,NCI,01/09/1997
"NEWISYS, INC.",NWS,10/08/2002
NEWPORT SYSTEMS SOLUTIONS,NSS,11/29/1996
NEWTEK,NTK,06/22/2017
NEXGEN,NXG,11/29/1996
"NEXGEN MEDIATECH INC.,",NEX,11/11/2003
"NEXIQ TECHNOLOGIES, INC.",NXQ,10/08/2001
NEXT LEVEL COMMUNICATIONS,NLC,11/29/1996
NEXTCOM K.K.,NXC,11/29/1996
"NINGBO BESTWINNING TECHNOLOGY CO., LTD",NBT,09/05/2006
"NINGBO BOIGLE DIGITAL TECHNOLOGY CO.,LTD",BOI,11/25/2009
"NIPPON AVIONICS CO.,LTD",AVI,10/23/2000
"NIPPONDENCHI CO,.LTD",GSB,05/24/2000
"NISSEI ELECTRIC CO.,LTD",NSI,01/13/2000
NISSEI ELECTRIC COMPANY,NIS,11/29/1996
NITS TECHNOLOGY INC.,NTS,12/19/2006
NIXDORF COMPANY,NCA,11/29/1996
NNC,NNC,11/29/1996
NOKIA DATA,NDS,11/29/1996
NOKIA DISPLAY PRODUCTS,NOK,11/29/1996
NOKIA MOBILE PHONES,NMP,11/29/1996
NORAND CORPORATION,NOR,03/19/1997
"NORCENT TECHNOLOGY, INC.",NCE,06/20/2007
NORDICEYE AB,NOE,09/23/2009
NORITAKE ITRON CORPORATION,NRI,11/13/2017
NORTH INVENT A/S,NOI,05/04/2010
NORTHGATE COMPUTER SYSTEMS,NCS,11/29/1996
NOT LIMITED INC,NOT,01/30/1998
NOVAWEB TECHNOLOGIES INC,NWP,06/12/1998
NOVELL INC,NVL,11/29/1996
NSPIRE SYSTEM INC.,NSP,02/13/2007
NTT ADVANCED TECHNOLOGY CORPORATION,NTT,08/19/2004
NU INC.,NUI,08/29/2007
"NU TECHNOLOGY, INC.",NUG,04/16/2004
NUMBER FIVE SOFTWARE,NFS,02/22/1999
NUTECH MARKETING PTL,KNX,11/29/1996
"NUVISION US, INC.",NVI,09/05/2006
NUVOTON TECHNOLOGY CORPORATION,NTN,10/09/2008
NVIDIA,NVD,11/29/1996
NW COMPUTER ENGINEERING,NWC,02/03/1997
NXP SEMICONDUCTORS BV.,NXP,06/14/2007
NZXT (PNP SAME EDID)_,NXT,07/15/2020
OAK TECH INC,OAK,11/29/1996
OASYS TECHNOLOGY COMPANY,OAS,11/29/1996
OBJIX MULTIMEDIA CORPORATION,OMC,11/29/1996
OCTAL S.A.,PCB,02/24/1998
"OCULUS VR, INC.",OVR,10/19/2012
ODME INC.,ODM,09/23/1998
ODRAC,ODR,06/21/2001
"OFFICE DEPOT, INC.",ATV,06/13/2007
OKI ELECTRIC INDUSTRIAL COMPANY LTD,OKI,11/29/1996
OKSORI COMPANY LTD,OQI,11/29/1996
OKSORI COMPANY LTD,OSR,11/29/1996
OLFAN,OCN,11/29/1996
OLICOM A/S,OLC,11/29/1996
OLIDATA S.P.A.,OLD,03/13/2006
OLITEC S.A.,OLT,11/29/1996
OLITEC S.A.,OLV,11/29/1996
OLIVETTI,OLI,11/29/1996
OLYMPUS CORPORATION,OLY,05/02/2005
OMNITEK,OTK,09/19/2013
OMNITEL,OMN,04/28/1998
OMRON CORPORATION,OMR,11/29/1996
ON SYSTEMS INC,ONS,11/29/1996
ONEAC CORPORATION,ONE,04/14/1998
ONKYO CORPORATION,ONK,06/16/2005
"ONLIVE, INC",ONL,09/03/2010
OOO TECHNOINVEST,TIV,08/05/1997
OPCODE INC,OPC,11/29/1996
OPEN CONNECT SOLUTIONS,OCS,09/13/1999
OPEN NETWORKS LTD,ONW,04/25/2003
"OPEN STACK, INC.",OSI,07/22/2013
"OPPO DIGITAL, INC.",OPP,06/19/2012
OPTI INC,OPT,11/29/1996
OPTI-UPS CORPORATION,OSP,07/01/1997
OPTIBASE TECHNOLOGIES,OBS,11/01/2010
OPTICAL SYSTEMS DESIGN PTY LTD,OSD,06/03/2013
OPTION INDUSTRIAL COMPUTERS,OIC,05/07/2001
OPTION INTERNATIONAL,OIN,10/23/2000
OPTION INTERNATIONAL,OIM,01/30/1997
OPTIVISION INC,OPV,11/29/1996
"OPTO22, INC.",OTT,10/06/1998
OPTOMA CORPORATION          ,OTM,04/20/2010
OPTUM ENGINEERING INC.,OEI,08/02/2010
ORCHID TECHNOLOGY,OTI,11/29/1996
ORGA KARTENSYSTEME GMBH,ORG,10/24/1998
"ORION COMMUNICATIONS CO., LTD.",TOP,04/30/2007
"ORION ELECTRIC CO., LTD.",ORN,01/19/2005
"ORION ELECTRIC CO.,LTD",OEC,01/13/2000
"OSAKA MICRO COMPUTER, INC.",OSA,09/05/2003
"OSR OPEN SYSTEMS RESOURCES, INC.",ORI,01/20/1999
OSRAM,OOS,04/25/2002
OUK COMPANY LTD,OUK,11/29/1996
OUTSIDETHEBOXSTUFF.COM,OTB,09/03/2010
OXUS RESEARCH S.A.,OXU,11/29/1996
OZ CORPORATION,OZC,08/07/2012
PABIAN EMBEDDED SYSTEMS,PMS,02/28/2017
PACIFIC AVIONICS CORPORATION,PAC,11/29/1996
PACIFIC COMMWARE INC,PCW,11/29/1996
PACIFIC IMAGE ELECTRONICS COMPANY LTD,PIE,10/21/1997
PACKARD BELL ELECTRONICS,PBL,11/29/1996
PACKARD BELL NEC,PBN,11/29/1996
"PACSGEAR, INC.",PGI,08/13/2012
"PADIX CO., INC.",QFF,09/13/1999
PAN JIT INTERNATIONAL INC.,PJT,08/03/2004
PANASCOPE,PNS,01/01/1994
PANASONIC,MDO,11/29/1996
PANASONIC AVIONICS CORPORATION,PLF,08/13/2010
PANASONIC INDUSTRY COMPANY,MEI,11/29/1996
"PANELVIEW, INC.",PNL,08/04/2003
PANTEL INC,PTL,11/29/1996
PAR TECH INC.,PTA,01/26/2011
"PARADE TECHNOLOGIES, LTD.",PRT,04/06/2012
PARADIGM ADVANCED RESEARCH CENTRE,PGM,06/16/2005
PARALLAN COMP INC,PAR,11/29/1996
PARALLAX GRAPHICS,PLX,11/29/1996
PARC D'ACTIVITE DES BELLEVUES,RCE,11/29/1996
PARROT,POT,11/25/2014
PATHLIGHT TECHNOLOGY INC,PTH,11/29/1996
PC XPERTEN,PCX,02/24/1998
PC-TEL INC,PCT,05/02/1997
PCBANK21,PCK,02/13/2007
PCM SYSTEMS CORPORATION,PCM,03/25/1997
PD SYSTEMS INTERNATIONAL LTD,PDS,03/20/1999
PDTS - PROZESSDATENTECHNIK UND SYSTEME,PDT,02/10/1998
PEGATRON CORPORATION,PEG,08/27/2013
PEI ELECTRONICS INC,PEI,04/06/1998
PENTA STUDIOTECHNIK GMBH,PVM,05/05/2010
"PENTEL.CO.,LTD",PCL,02/25/2002
PEPPERCON AG,PEP,04/12/2006
PERCEPTIVE PIXEL INC.,PPX,05/04/2010
PERCEPTIVE SIGNAL TECHNOLOGIES,PER,05/13/1997
PERCOMM,PRC,04/24/2001
"PERFORMANCE CONCEPTS INC.,",PCO,09/24/2002
PERFORMANCE TECHNOLOGIES,IPN,02/24/2004
PERLE SYSTEMS LIMITED,PSL,02/22/1999
"PERPETUAL TECHNOLOGIES, LLC",PON,01/13/2000
PETER ANTESBERGER MESSTECHNIK,PAM,04/28/1998
PEUS-SYSTEMS GMBH,PSD,11/29/1996
PHILIPS BU ADD ON CARD,PCA,11/29/1996
PHILIPS COMMUNICATION SYSTEMS,PHS,11/29/1996
PHILIPS CONSUMER ELECTRONICS COMPANY,PHL,11/29/1996
PHILIPS MEDICAL SYSTEMS BOEBLINGEN GMBH,PHE,04/20/2010
PHILIPS SEMICONDUCTORS,PSC,11/29/1996
PHOENIX CONTACT,PXC,02/27/2008
"PHOENIX TECHNOLOGIES, LTD.",PNX,11/08/1999
PHOENIXTEC POWER COMPANY LTD,PPC,05/16/1999
PHOTOMATRIX,PMX,11/29/1996
PHOTONICS SYSTEMS INC.,PHO,06/03/2002
PHOTOTELESIS,RSC,03/16/1998
PHYLON COMMUNICATIONS,PHY,11/29/1996
PICPRO,PPR,10/18/2004
PICTURALL LTD.,PIC,11/13/2015
PIJNENBURG BEHEER N.V.,PHC,04/24/2001
"PIMAX TECH. CO., LTD",PVR,02/07/2017
PIONEER COMPUTER INC,PCI,11/29/1996
PIONEER ELECTRONIC CORPORATION,PIO,07/16/1997
PITNEY BOWES,PBV,09/13/1999
PITNEY BOWES,PBI,11/29/1996
PIXEL QI,PQI,06/24/2009
PIXEL VISION,PVN,11/29/1996
PIXELA CORPORATION,PXE,11/21/2007
PIXELNEXT INC,PXN,03/29/2018
PIXIE TECH INC,PIX,11/29/1996
PLAIN TREE SYSTEMS INC,PTS,11/29/1996
"PLANAR SYSTEMS, INC.",PNR,08/11/2003
PLUS VISION CORP.,PLV,07/05/2001
PMC CONSUMER ELECTRONICS LTD,PMC,12/11/1996
PMNS GMBH,SPR,10/08/2002
POINT MULTIMEDIA SYSTEM,PMM,06/09/1997
POLYCOM INC.,PLY,06/19/2002
POLYCOMP (PTY) LTD.,POL,02/14/2006
POLYCOW PRODUCTIONS,COW,03/15/2001
PORTALIS LC,POR,11/01/2008
POSITIVO TECNOLOGIA S.A.,POS,09/01/2017
POSO INTERNATIONAL B.V.,ARO,08/01/1997
POTRANS ELECTRICAL CORP.,PEC,07/16/1999
POWERCOM TECHNOLOGY COMPANY LTD,PCC,09/02/1997
POWERMATIC DATA SYSTEMS,CPX,11/29/1996
PRACTICAL ELECTRONIC TOOLS,PET,02/22/1999
PRACTICAL PERIPHERALS,PPI,11/29/1996
"PRACTICAL SOLUTIONS PTE., LTD.",PSE,10/06/1998
PRAIM S.R.L.,PRD,11/29/1996
PRIMAX ELECTRIC LTD,PEL,11/29/1996
"PRIME SYSTEMS, INC.",SYX,10/21/2003
"PRIME VIEW INTERNATIONAL CO., LTD",PVI,07/06/2009
PRINCETON GRAPHIC SYSTEMS,PGS,11/29/1996
"PRISM, LLC",PIM,07/24/2007
PRIVA HORTIMATION BV,PRI,10/22/1997
PRO-LOG CORPORATION,PLC,11/29/1996
PRO/AUTOMATION,PRA,07/16/1999
PROCOMP USA INC,PCP,11/29/1996
PRODEA SYSTEMS INC.,PSY,02/04/2013
PRODRIVE B.V.,PDV,01/18/2005
PROJECTA,PJA,01/29/1997
PROJECTAVISION INC,DHT,01/14/1998
PROJECTIONDESIGN AS,PJD,09/23/2002
PROLINK MICROSYSTEMS CORP.,PLM,02/25/2002
"PROMATE ELECTRONIC CO., LTD.",PMT,01/13/2003
PROMETHEUS,PRM,11/29/1996
PROMISE TECHNOLOGY INC,PTI,01/02/1997
PROMOTION AND DISPLAY TECHNOLOGY LTD.,PAD,04/24/2001
PROMOTION AND DISPLAY TECHNOLOGY LTD.,TEL,04/24/2001
PROPAGAMMA KOMMUNIKATION,PGP,04/19/2000
PROSUM,PSM,11/29/1996
PROTEON,PRO,11/29/1996
"PROVIEW GLOBAL CO., LTD",PVG,10/08/2002
PROXIM INC,PXM,09/19/1997
PROXIMA CORPORATION,PRX,11/29/1996
PS TECHNOLOGY CORPORATION,PTC,01/29/1997
PSI-PERCEPTIVE SOLUTIONS INC,PSI,11/29/1996
PSION DACOM PLC.,PDM,11/08/1999
PT HARTONO ISTANA TEKNOLOGI,PLT,05/05/2010
PULSE-EIGHT LTD,PUL,09/12/2012
PURE DATA INC,PDR,11/29/1996
PURUP PREPRESS AS,PPP,11/29/1996
Q-LOGIC,QLC,11/29/1996
"QD LASER, INC.",QDL,05/31/2018
"QINGDAO HAIER ELECTRONICS CO., LTD.",HRE,04/12/2006
"QSC, LLC",QSC,01/18/2019
QTRONIX CORPORATION,QTR,11/29/1996
QUADRAM,DHQ,11/29/1996
QUADRAM,QDM,11/29/1996
QUADRANT COMPONENTS INC,QCL,04/03/1997
QUAKECOM COMPANY LTD,QCC,03/23/1998
QUALCOMM INC,QCP,05/16/1999
QUANTA COMPUTER INC,QCI,11/29/1996
QUANTA DISPLAY INC.,QDS,04/25/2002
QUANTUM,QTM,11/29/1996
QUANTUM 3D INC,QTD,05/23/1997
QUANTUM DATA INCORPORATED,QDI,03/15/2001
"QUANTUM SOLUTIONS, INC.",QSI,01/13/2000
QUARTICS,QVU,11/04/2010
QUATOGRAPHIC AG,QUA,01/13/2000
QUESTECH LTD,QTH,01/13/2000
QUESTRA CONSULTING,QUE,01/30/1998
QUICK CORPORATION,QCK,11/29/1996
"QUICKFLEX, INC",QFI,08/04/1998
QUICKNET TECHNOLOGIES INC,QTI,11/29/1996
R SQUARED,RSQ,11/08/1999
R.P.T.INTERGROUPS,RPT,11/29/1996
RACAL INTERLAN INC,RII,11/29/1996
RACAL-AIRTECH SOFTWARE FORGE LTD,TSF,11/29/1996
RACORE COMPUTER PRODUCTS INC,RAC,11/29/1996
RADICOM RESEARCH INC,RRI,12/02/1997
RADIO CONSULT SRL,RCN,09/24/2002
RADIODATA GMBH,RDN,07/25/2012
RADIOLAN INC,RLN,11/29/1996
"RADIOSPIRE NETWORKS, INC.",RSN,06/14/2007
RADISYS CORPORATION,RAD,11/29/1996
RADIUS INC,RDS,03/07/1997
RAFI GMBH & CO. KG,RFI,08/24/2015
"RAINBOW DISPLAYS, INC.",RDI,09/23/1998
RAINBOW TECHNOLOGIES,RNB,11/29/1996
RAINTREE SYSTEMS,RTS,10/02/2001
RAINY ORCHARD,BOB,02/21/2000
RAMPAGE SYSTEMS INC,RSI,11/29/1996
RANCHO TECH INC,RAN,11/29/1996
RANCHO TECH INC,RTI,11/29/1996
RAPID TECH CORPORATION,RSX,11/29/1996
"RARITAN COMPUTER, INC",RMC,11/27/1998
"RARITAN, INC.",RAR,06/14/2007
RASCOM INC,RAS,11/29/1996
"RATOC SYSTEMS, INC.",REX,01/06/2012
"RAYLAR DESIGN, INC.",RAY,01/13/2000
RAZER TAIWAN CO. LTD.,RZR,08/20/2018
RC INTERNATIONAL,RCI,11/29/1996
REACH TECHNOLOGY INC,RCH,02/09/1998
REAKIN TECHNOLOHY CORPORATION,RKC,03/15/2001
REAL D,REA,11/15/2007
REALTEK SEMICONDUCTOR COMPANY LTD,RTL,11/29/1996
REALTEK SEMICONDUCTOR CORP.,ALG,10/25/2002
REALVISION INC,RVI,11/29/1996
RECOM,REC,05/16/1999
"RED HAT, INC.",RHT,02/17/2011
RED WING CORPORATION,RWC,01/08/1998
REDFOX TECHNOLOGIES INC.,RFX,01/14/2014
"REFLECTIVITY, INC.",REF,04/19/2000
REHAN ELECTRONICS LTD.,REH,02/15/2012
RELIA TECHNOLOGIES,RTC,11/29/1996
RELIANCE ELECTRIC IND CORPORATION,REL,11/29/1996
RENESAS TECHNOLOGY CORP.,REN,06/14/2007
RENT-A-TECH,RAT,02/22/1999
RESEARCH ELECTRONICS DEVELOPMENT INC,RED,12/02/1997
RESEARCH MACHINES,RMP,11/29/1996
RESMED PTY LTD,RES,02/21/2000
"RESONANCE TECHNOLOGY, INC.",RET,02/09/2011
RESTEK ELECTRIC COMPANY LTD,WTS,11/29/1996
REVEAL COMPUTER PROD,RVL,11/29/1996
"REVOLUTION DISPLAY, INC.",REV,03/19/2014
RGB SPECTRUM,RGB,11/14/2012
"RGB SYSTEMS, INC. DBA EXTRON ELECTRONICS",EXN,07/06/2008
"RICOH COMPANY, LTD.",RIC,05/13/2010
RIGHTHAND TECHNOLOGIES,RHD,05/01/2012
RIOS SYSTEMS COMPANY LTD,RIO,11/29/1996
RITECH INC,RIT,04/14/1998
RIVULET COMMUNICATIONS,RIV,07/19/2007
ROBERT BOSCH GMBH,BSG,05/15/2014
ROBERT GRAY COMPANY,GRY,03/31/1998
ROBERTSON GEOLOGGING LTD,RGL,08/10/2000
ROBUST ELECTRONICS GMBH,ROB,01/18/2008
ROCKWELL AUTOMATION/INTECOLOR,RAI,03/13/1998
ROCKWELL COLLINS,RCO,09/10/2010
ROCKWELL COLLINS / AIRSHOW SYSTEMS,ASY,12/02/2004
"ROCKWELL COLLINS, INC.",COL,06/14/2007
ROCKWELL INTERNATIONAL,ROK,11/29/1996
ROCKWELL SEMICONDUCTOR SYSTEMS,RSS,11/29/1996
ROGEN TECH DISTRIBUTION INC,MAX,11/29/1996
ROHDE & SCHWARZ,ROS,01/20/2012
"ROHM CO., LTD.",ROH,06/16/2004
ROHM COMPANY LTD,RHM,05/13/1997
ROLAND CORPORATION,RJA,11/29/1996
ROOMPRO TECHNOLOGIES,RPI,07/09/2010
ROPER INTERNATIONAL LTD,ROP,05/16/1999
ROPER MOBILE,RMT,07/02/2010
ROSS VIDEO LTD,RSV,06/11/2012
ROYAL INFORMATION,TRL,11/29/1996
"ROZSNYÓ, S.R.O.",RZS,03/24/2014
RSI SYSTEMS INC,RVC,04/28/1998
RUNCO INTERNATIONAL,RUN,04/01/2004
S&K ELECTRONICS,SNK,02/21/2000
S-S TECHNOLOGY INC,SSI,11/29/1996
S3 INC,TLV,01/07/1997
S3 INC,SIM,11/29/1996
S3 INC,SSS,11/29/1996
SAAB AEROTECH,SAE,06/14/2007
SAGE INC,SAI,07/16/1997
SAGEM,SGM,09/05/2003
SAIT-DEVLONICS,SDK,11/29/1996
SAITEK LTD,SAK,05/16/1999
SALT INTERNATIOINAL CORP.,SLT,09/05/2006
SAMSUNG ELECTRIC COMPANY,SAM,11/29/1996
SAMSUNG ELECTRO-MECHANICS COMPANY LTD,SKT,11/29/1996
SAMSUNG ELECTRONIC CO.,SSE,08/10/2000
SAMSUNG ELECTRONICS AMERICA,STN,08/10/2000
SAMSUNG ELECTRONICS AMERICA INC,KYK,02/24/1998
SAMSUNG ELECTRONICS COMPANY LTD,SEM,11/29/1996
SAMTRON DISPLAYS INC,SDI,11/29/1996
"SANKEN ELECTRIC CO., LTD",JSK,09/13/1999
"SANKYO SEIKI MFG.CO., LTD",SSJ,01/28/2003
"SANRITZ AUTOMATION CO.,LTD.",SAA,02/25/2002
SANTAK CORP.,STK,11/27/1998
SANTEC CORPORATION,SOC,01/12/2015
"SANYO ELECTRIC CO.,LTD.",SAN,11/08/1999
SANYO ELECTRIC COMPANY LTD,SCD,11/29/1996
SANYO ELECTRIC COMPANY LTD,SIB,11/29/1996
SANYO ELECTRIC COMPANY LTD,TSC,11/29/1996
SANYO ICON,ICN,11/29/1996
SAPIENCE CORPORATION,SPN,11/29/1996
SAT (SOCIETE ANONYME),SDA,11/29/1996
"SBS TECHNOLOGIES (CANADA), INC. (WAS AVVIDA SYSTEMS, INC.)",AVV,12/17/2002
SBS-OR INDUSTRIAL COMPUTERS GMBH,SBS,12/28/1998
SCAN GROUP LTD,SGI,11/29/1996
"SCANPORT, INC.",SCN,08/05/2002
SCD TECH,KFC,10/23/2002
SCEPTRE TECH INC,SPT,11/29/1996
SCHLUMBERGER,SMB,07/16/1999
SCHLUMBERGER CARDS,SCH,04/28/1998
SCHLUMBERGER TECHNOLOGY CORPORATE,SLR,08/10/2000
SCHNEIDER & KOCH,SKD,11/29/1996
"SCHNEIDER ELECTRIC JAPAN HOLDINGS, LTD.",PRF,01/02/2003
SCHNEIDER ELECTRIC S.A.,MGE,11/29/1996
SCHNICK-SCHNACK-SYSTEMS GMBH,SLS,05/06/2009
SCI SYSTEMS INC.,REM,08/10/2000
SCM MICROSYSTEMS INC,SCM,11/29/1996
SCRIPTEL CORPORATION,SCP,06/14/2007
SDR SYSTEMS,SDR,03/15/2001
SDS TECHNOLOGIES,STY,11/08/1999
SDX BUSINESS SYSTEMS LTD,SDX,11/29/1996
SEANIX TECHNOLOGY INC,NIX,04/09/2007
SEANIX TECHNOLOGY INC.,SEA,02/24/1998
SEDLBAUER,SAG,11/29/1996
SEECOLOR CORPORATION,SEE,11/29/1996
SEECUBIC B.V.,SCB,11/02/2012
SEEREAL TECHNOLOGIES GMBH,SRT,06/27/2005
SEIKO EPSON CORPORATION,SEC,11/29/1996
SEIKO INSTRUMENTS INFORMATION DEVICES INC,SID,12/16/1996
SEIKO INSTRUMENTS USA INC,SIU,11/29/1996
SEITZ & ASSOCIATES INC,SEI,01/30/1998
SEJIN ELECTRON INC,SJE,08/20/1997
SELEX GALILEO,SXG,10/01/2012
SEMTECH CORPORATION,STH,11/30/2001
SENCORE,SEN,05/23/1997
SENDTEK CORPORATION,SET,11/08/1999
SENSEBOARD TECHNOLOGIES AB,SBT,09/03/2002
"SENSICS, INC.",SVR,08/27/2015
SENTELIC CORPORATION,STU,07/27/2012
SENTRONIC INTERNATIONAL CORP.,SNC,10/23/2000
SEOS LTD,SEO,02/20/2003
SEP ELETRONICA LTDA.,SEP,05/07/2001
SEQUENT COMPUTER SYSTEMS INC,SQT,11/29/1996
SESSION CONTROL LLC,SES,09/03/2010
SETRED,SRD,09/05/2006
"SEVIT CO., LTD.",SVT,06/25/2002
SEYEON TECH COMPANY LTD,SYT,12/02/1997
SGEG,SVA,02/21/2000
SGS THOMSON MICROELECTRONICS,STM,11/11/1997
SHADOW SYSTEMS,OYO,11/29/1996
SHANGHAI BELL TELEPHONE EQUIP MFG CO,SBC,04/30/1998
"SHANGHAI CHAI MING HUANG INFO&TECH CO, LTD",HYL,02/28/2017
"SHANGHAI GUOWEI SCIENCE AND TECHNOLOGY CO., LTD.",SGW,01/28/2011
SHANGHAI LEXIANG TECHNOLOGY LIMITED,DPN,02/07/2017
"SHANGHAI SVA-DAV ELECTRONICS CO., LTD",XQU,07/24/2003
SHAREDWARE LTD,SWL,08/11/1998
SHARK MULTIMEDIA INC,SMM,11/29/1996
SHARKTEC A/S,DFK,02/14/2006
SHARP CORPORATION,SHP,11/29/1996
"SHARP TAKAYA ELECTRONIC INDUSTRY CO.,LTD.",SXT,06/24/2010
"SHENZHEN CHUANGZHICHENG TECHNOLOGY CO., LTD.",CZC,10/23/2013
"SHENZHEN DLODLO TECHNOLOGIES CO., LTD.",DLO,04/29/2019
"SHENZHEN INET MOBILE INTERNET TECHNOLOGY CO., LTD",IXN,11/04/2014
"SHENZHEN MTC CO., LTD",SZM,08/09/2013
"SHENZHEN RAMOS DIGITAL TECHNOLOGY CO., LTD",RMS,10/29/2014
"SHENZHEN SOUTH-TOP COMPUTER CO., LTD.",SSL,12/06/2013
"SHENZHEN THREE CONNAUGHT INFORMATION TECHNOLOGY CO., LTD. (3NOD GROUP)",AZH,09/17/2013
"SHENZHEN ZHUONA TECHNOLOGY CO., LTD.",XYE,10/01/2013
SHENZHEN ZHUOYI HENGTONG COMPUTER TECHNOLOGY LIMITED,HTR,12/13/2013
"SHENZHEN ZOWEE TECHNOLOGY CO., LTD",ZWE,05/26/2015
SHERWOOD DIGITAL ELECTRONICS CORPORATION,SDE,11/29/1996
"SHIBASOKU CO., LTD.",SHC,05/26/2005
SHIN HO TECH,SHT,11/29/1996
SHLUMBERGER LTD,SLB,11/29/1996
SHUTTLE TECH,SAT,11/29/1996
"SICHUAN CHANGHONG ELECTRIC CO, LTD.",CHG,02/26/2003
SICHUANG CHANGHONG CORPORATION,CHO,11/30/2001
SIEMENS,SIE,11/29/1996
SIEMENS AG,SDT,02/14/2006
SIEMENS AG,SIA,03/15/2001
SIEMENS MICRODESIGN GMBH,SNI,11/29/1996
SIEMENS NIXDORF INFO SYSTEMS,SNP,11/29/1996
SIERRA SEMICONDUCTOR INC,SSC,11/29/1996
SIERRA WIRELESS INC.,SWI,07/10/2003
SIGMA DESIGNS INC,SIG,11/29/1996
"SIGMA DESIGNS, INC.",SGD,02/14/2006
"SIGMACOM CO., LTD.",SCL,04/25/2002
SIGMATEL INC,STL,03/03/1997
SIGNET,DXS,10/23/2000
SII IDO-TSUSHIN INC,STE,04/03/1997
SILCOM MANUFACTURING TECH INC,SMT,11/29/1996
SILEX INSIDE,SXI,03/29/2018
"SILEX TECHNOLOGY, INC.",SXD,03/12/2009
SILICOM MULTIMEDIA SYSTEMS INC,SMS,12/04/1996
SILICON GRAPHICS INC,SGX,11/29/1996
"SILICON IMAGE, INC.",SII,01/13/2000
SILICON INTEGRATED SYSTEMS CORPORATION,SIS,11/29/1996
"SILICON LABORATORIES, INC",SIL,07/16/1998
SILICON LIBRARY INC.,SLH,11/01/2008
SILICON OPTIX CORPORATION,SOI,07/28/2005
SILITEK CORPORATION,SLK,07/16/1997
SIM2 MULTIMEDIA S.P.A.,SPU,09/05/2002
SIMPLE COMPUTING,SMP,11/29/1996
SIMPLEX TIME RECORDER CO.,SPX,03/15/2001
"SINGULAR TECHNOLOGY CO., LTD.",SIN,11/08/1999
"SINOSUN TECHNOLOGY CO., LTD",SNO,06/27/2005
SIRIUS TECHNOLOGIES PTY LTD,SIR,03/13/1998
SISEL MUHENDISLIK,FUN,04/25/2002
"SITECSYSTEM CO., LTD.",STS,03/16/2005
SITINTEL,SIT,11/29/1996
SIX15 TECHNOLOGIES,TDG,09/14/2016
SKYDATA S.P.A.,SKY,09/19/1997
SKYWORTH,SKW,07/15/2020
SMART CARD TECHNOLOGY,SCT,08/10/2000
SMART MODULAR TECHNOLOGIES,SMA,04/04/1997
SMART SILICON SYSTEMS PTY LTD,SPL,08/10/2000
SMART TECH INC,STI,11/29/1996
SMART TECHNOLOGIES INC.,SBI,06/14/2007
SMK CORPORATION,SMK,02/21/2000
SNELL & WILCOX,SNW,04/25/2002
SOBO VISION,MVM,06/14/2007
SOCIONEXT INC.,SCX,05/14/2015
SODEMAN LANCOM INC,LAN,11/29/1996
"SODIFF E&T CO., LTD.",SDF,06/01/2007
SOFT & HARDWARE DEVELOPMENT GOLDAMMER GMBH,SHG,11/29/1996
SOFTBED - CONSULTING & DEVELOPMENT LTD,SBD,12/23/1997
SOFTWARE CAFÉ,SWC,11/29/1996
"SOFTWARE TECHNOLOGIES GROUP,INC.",SWT,11/29/2008
SOLITRON TECHNOLOGIES INC,SOL,11/29/1996
SOLOMON TECHNOLOGY CORPORATION,SLM,01/16/1998
SOLUTIONINSIDE,SXL,05/08/2001
SOMELEC Z.I. DU VERT GALANTA,ONX,11/29/1996
SONITRONIX,HON,02/03/2011
SONIX COMM. LTD,SNX,11/29/1996
SONOVE GMBH,SNV,03/29/2018
SONY,SNY,11/29/1996
SONY,SON,11/29/1996
SONY ERICSSON MOBILE COMMUNICATIONS INC.,SER,04/16/2004
SORCUS COMPUTER GMBH,SCO,01/13/2000
SORCUS COMPUTER GMBH,SOR,11/29/1996
SORD COMPUTER CORPORATION,SCC,11/29/1996
SOTEC COMPANY LTD,SOT,05/21/1997
"SOUTH MOUNTAIN TECHNOLOGIES, LTD",FRS,02/14/2006
"SOYO GROUP, INC",SOY,12/18/2006
"SPACE-I CO., LTD.",SPI,05/11/2005
SPACELABS MEDICAL INC,SMI,11/29/1996
SPEA SOFTWARE AG,SPE,11/29/1996
SPEAKERCRAFT,SPK,04/20/2010
SPECIALIX,SLX,11/29/1996
SPECTRAGRAPHICS CORPORATION,SGC,11/29/1996
SPECTRUM SIGNAL PROECESSING INC,SSP,11/29/1996
"SPINCORE TECHNOLOGIES, INC",SPC,01/01/1994
SR-SYSTEMS E.K.,SRS,11/19/2012
ST ELECTRONICS SYSTEMS ASSEMBLY PTE LTD,STA,12/28/1998
ST-ERICSSON,STX,12/09/2011
STAC ELECTRONICS,STC,11/29/1996
STANDARD MICROSYSTEMS CORPORATION,SMC,11/29/1996
STAR PAGING TELECOM TECH (SHENZHEN) CO. LTD.,STT,09/23/1998
STARFLIGHT ELECTRONICS,STF,05/23/1997
STARGATE TECHNOLOGY,SGT,11/29/1996
STARLEAF,SLF,11/01/2010
STARLIGHT NETWORKS INC,STR,11/29/1996
STARWIN INC.,STW,04/24/2001
STATIC,SWS,05/16/1999
STB SYSTEMS INC,STB,11/29/1996
STD COMPUTER INC,STD,11/29/1996
STEREOGRAPHICS CORP.,STG,10/02/2001
STMICROELECTRONICS,SMO,06/14/2007
STOLLMANN E+V GMBH,STO,03/27/1997
STORES AUTOMATED SYSTEMS INC,SAS,03/19/1997
STORM TECHNOLOGY,EZP,10/17/1996
STREAMPLAY LTD,STP,02/04/2009
STRYKER COMMUNICATIONS,SYK,10/10/2005
SUBSPACE COMM. INC,SUB,11/29/1996
"SUMITOMO METAL INDUSTRIES, LTD.",SML,09/13/1999
SUMMAGRAPHICS CORPORATION,SUM,11/29/1996
SUN CORPORATION,SCE,11/29/1996
SUN ELECTRONICS CORPORATION,SUN,11/29/1996
SUN MICROSYSTEMS,SVI,01/13/2003
SUNNY ELEKTRONIK,SNN,11/14/2014
SUNRIVER DATA SYSTEM,SDS,11/29/1996
SUPER GATE TECHNOLOGY COMPANY LTD,SGL,12/30/1997
SUPERNET INC,SNT,04/23/1998
SUPRA CORPORATION,SUP,11/29/1996
SURENAM COMPUTER CORPORATION,SUR,11/29/1996
SURF COMMUNICATION SOLUTIONS LTD,SRF,03/23/1998
SVD COMPUTER,SVD,04/14/1998
SVSI,SVS,08/09/2008
SY ELECTRONICS LTD,SYE,09/20/2010
SYLVANIA COMPUTER PRODUCTS,SYL,06/12/1998
SYMBIOS LOGIC INC,SLI,11/29/1996
SYMBOL TECHNOLOGIES,ISA,06/02/1997
SYMICRON COMPUTER COMMUNICATIONS LTD.,SYM,11/29/1996
SYNAPTICS INC,SYN,11/29/1996
SYNOPSYS INC,SPS,11/29/1996
SYNTAX-BRILLIAN,SXB,05/08/2006
SYNTHETEL CORPORATION,STQ,12/21/2015
SYPRO CO LTD,SYP,11/27/1998
SYSGRATION LTD,SYS,04/28/1997
SYSLOGIC DATENTECHNIK AG,SLC,01/20/1999
SYSMATE COMPANY,SME,09/02/1997
SYSMATE CORPORATION,SIC,05/05/1997
SYSMIC,SYC,11/29/1996
SYSTEC COMPUTER GMBH,SGZ,10/02/1997
SYSTEM CRAFT,SCI,11/29/1996
SYSTEM ELEKTRONIK GMBH,SEB,04/19/2000
SYSTEME LAUER GMBH&CO KG,SLA,03/20/1999
SYSTEMS ENHANCEMENT,UPS,11/29/1996
SYSTEMSOFT CORPORATION,SST,11/29/1996
SYSTRAN CORPORATION,SCR,11/29/1996
SYVAX INC,SYV,11/29/1996
T+A ELEKTROAKUSTIK GMBH,TUA,01/05/2011
T-METRICS INC.,TMT,02/21/2000
"TAICOM DATA SYSTEMS CO., LTD.",TCD,10/08/2001
TAICOM INTERNATIONAL INC,TMR,11/29/1996
TAIKO ELECTRIC WORKS.LTD,TKC,03/15/2001
TAITEX CORPORATION,TTX,02/03/2016
TAIWAN VIDEO & MONITOR CORPORATION,TVM,11/29/1996
"TAKAHATA ELECTRONICS CO.,LTD.",KTD,07/22/2009
TAMURA SEISAKUSYO LTD,TAM,07/17/1997
TANDBERG,TAA,10/21/2003
TANDBERG DATA DISPLAY AS,TDD,11/29/1996
TANDEM COMPUTER EUROPE INC,TDM,11/29/1996
TANDON CORPORATION,TCC,11/29/1996
TANDY ELECTRONICS,TDY,11/29/1996
TASKIT RECHNERTECHNIK GMBH,TAS,12/15/1997
TATUNG COMPANY OF AMERICA INC,TCS,11/29/1996
TATUNG UK LTD,VIB,07/16/1999
TAUGAGREINING HF,NRV,11/29/1996
TAXAN (EUROPE) LTD,TAX,03/13/1997
TCL CORPORATION,TOL,03/30/2016
TDK USA CORPORATION,PMD,11/29/1996
TDT,TDT,11/29/1996
"TDVISION SYSTEMS, INC.",TDV,01/18/2008
TEAC AMERICA INC,TCJ,11/29/1996
TEAC SYSTEM CORPORATION,TEA,11/29/1996
TEC CORPORATION,CET,07/16/1998
TECH SOURCE INC.,TEZ,08/14/2013
TECHLOGIX NETWORX,TLN,02/28/2017
TECHMEDIA COMPUTER SYSTEMS CORPORATION,TMC,02/10/1998
TECHNICAL CONCEPTS LTD,TCL,11/29/1996
TECHNICAL ILLUSIONS INC.,TIL,02/14/2014
TECHNISAT DIGITAL GMBH,TSD,07/14/2005
TECHNOLOGY NEXUS SECURE OPEN SYSTEMS AB,NXS,05/08/1998
TECHNOLOGY POWER ENTERPRISES INC,TPE,11/29/1996
TECHNOTREND SYSTEMTECHNIK GMBH,TTS,11/29/1996
TECMAR INC,TEC,11/29/1996
"TECNART CO.,LTD.",PIS,10/22/2019
TECNETICS (PTY) LTD,TCN,11/29/1996
TECNIMAGEN SA,TNM,05/02/2005
TECNOVISION,TVD,03/13/2006
"TECTONA SOFTSOLUTIONS (P) LTD.,",RXT,06/02/2004
TEK GEAR,TKG,10/16/2015
TEKNOR MICROSYSTEM INC,TKN,11/29/1996
TEKRAM TECHNOLOGY COMPANY LTD,TRM,11/29/1996
TEKTRONIX INC,TEK,05/16/1999
TEKWORX LIMITED,TWX,12/24/2009
TELECOM TECHNOLOGY CENTRE CO. LTD.,TCT,07/16/1999
TELECOMMUNICATIONS TECHNIQUES CORPORATION,TTC,11/29/1996
"TELEFORCE.,CO,LTD",TLF,11/19/2012
TELELIAISON INC,TAT,04/29/1997
TELELINK AG,TLK,09/01/1998
TELEPROCESSING SYSTEME GMBH,TPS,01/24/1997
TELES AG,TAG,11/29/1996
TELESTE EDUCATIONAL OY,TLS,11/29/1996
"TELEVÉS, S.A.",TEV,06/22/2017
TELEVIC CONFERENCE,TCF,02/28/2017
TELEVIDEO SYSTEMS,TSI,11/29/1996
TELIA PROSOFT AB,PFT,09/13/1999
TELINDUS,TLD,11/29/1996
TELXON CORPORATION,TLX,11/29/1996
TENCENT,TEN,06/20/2017
TENNYSON TECH PTY LTD,TNY,11/29/1996
TERADICI,TDC,10/11/2007
TERRATEC ELECTRONIC GMBH,TER,03/21/1997
"TETRADYNE CO., LTD.",TET,04/27/2016
TEXAS INSTURMENTS,TXN,11/29/1996
TEXAS MICROSYSTEM,TMI,11/29/1996
TEXTRON DEFENSE SYSTEM,TXT,11/29/1996
THALES AVIONICS,TAV,11/18/2015
THE CONCEPT KEYBOARD COMPANY LTD,CKC,06/02/1997
THE LINUX FOUNDATION,LNX,04/04/2014
THE MOVING PIXEL COMPANY,PXL,11/24/2003
THE NTI GROUP,ITN,11/29/1996
THE OPEN GROUP,TOG,09/13/1999
THE PANDA PROJECT,PAN,11/29/1996
THE PHOENIX RESEARCH GROUP INC,PRG,09/19/1997
THE SOFTWARE GROUP LTD,TSG,11/29/1996
THERMOTREX CORPORATION,TMX,11/29/1996
THINKLOGICAL,TLL,06/01/2015
THOMAS-CONRAD CORPORATION,TCO,11/29/1996
THOMSON CONSUMER ELECTRONICS,TCR,08/20/1998
THRUPUT LTD,TPT,06/16/2010
THUNDERCOM HOLDINGS SDN. BHD.,THN,03/21/1997
TIDEWATER ASSOCIATION,TWA,11/29/1996
"TIME MANAGEMENT, INC.",TMM,03/20/1999
"TIMEKEEPING SYSTEMS, INC.",TKS,08/31/1998
"TIMES (SHANGHAI) COMPUTER CO., LTD.",TPD,12/12/2013
TIPTEL AG,TIP,02/24/1998
TIXI.COM GMBH,TIX,10/16/1998
TNC INDUSTRIAL COMPANY LTD,TNC,02/27/1998
TODOS DATA SYSTEM AB,TAB,08/20/1997
"TOEI ELECTRONICS CO., LTD.",TOE,10/02/2001
TONNA,TON,03/14/2012
TOP VICTORY ELECTRONICS ( FUJIAN ) COMPANY LTD,TPV,05/16/1999
TOPRE CORPORATION,TPK,02/13/2009
TOPRO TECHNOLOGY INC,TPR,05/08/1998
"TOPSON TECHNOLOGY CO., LTD.",TTA,09/23/1998
TORNADO COMPANY,SFM,04/15/1997
TORUS SYSTEMS LTD,TGS,11/29/1996
TORUS SYSTEMS LTD,TRS,11/29/1996
TOSHIBA AMERICA INFO SYSTEMS INC,TAI,11/29/1996
TOSHIBA AMERICA INFO SYSTEMS INC,TSB,11/29/1996
TOSHIBA CORPORATION,TTP,07/07/2015
"TOSHIBA GLOBAL COMMERCE SOLUTIONS, INC.",TGC,06/26/2012
"TOSHIBA MATSUSHITA DISPLAY TECHNOLOGY CO., LTD",LCD,05/24/2000
TOSHIBA PERSONAL COMPUTER SYSTEM CORPRATION,PCS,06/22/2010
TOSHIBA TELI CORPORATION,TLI,01/18/2008
TOTAL VISION LTD,TVL,02/07/2017
TOTOKU ELECTRIC COMPANY LTD,TTK,11/29/1996
TOTTORI SANYO ELECTRIC,TSE,11/29/1996
"TOTTORI SANYO ELECTRIC CO., LTD.",TSL,11/06/2001
TOUCH PANEL SYSTEMS CORPORATION,TPC,09/02/1997
"TOUCHKO, INC.",TKO,01/12/2006
TOUCHSTONE TECHNOLOGY,TOU,05/07/2001
TOUCHSYSTEMS,TSY,01/18/2008
TOWITOKO ELECTRONICS GMBH,TWK,04/14/1998
"TPK HOLDING CO., LTD",KPT,08/16/2016
TRANSTEX SA,CSB,03/15/2001
TRANSTREAM INC,TST,04/29/1997
TRANSVIDEO,TSV,05/04/2010
TRAPEZE GROUP,TRP,02/28/2017
TREMETRICS,TRE,04/24/1997
TREMON ENTERPRISES COMPANY LTD,RDM,11/29/1996
TRENTON TERMINALS INC,TTI,11/29/1996
TREX ENTERPRISES,TRX,02/21/2000
TRI-DATA SYSTEMS INC,TDS,11/29/1996
TRIBE COMPUTER WORKS INC,OZO,11/29/1996
TRICORD SYSTEMS,TRI,11/29/1996
TRIDELITY DISPLAY SOLUTIONS GMBH,TTY,07/19/2010
TRIDENT MICROSYSTEM INC,TRD,11/29/1996
TRIDENT MICROSYSTEMS LTD,TMS,07/15/2002
TRIGEM COMPUTER INC,TGI,11/29/1996
"TRIGEM COMPUTER,INC.",TGM,07/05/2001
TRIGEM KINFOCOMM,TIC,02/26/2003
TRIOC AB,TRC,01/13/2000
TRIPLE S ENGINEERING INC,TBB,09/26/1997
TRITEC ELECTRONIC AG,TRT,01/11/2012
TRITECH MICROELECTRONICS INTERNATIONAL,TRA,01/24/1997
TRIUMPH BOARD A.S.,TRB,09/27/2013
TRIVISIO PROTOTYPING GMBH,TRV,11/18/2011
TRIXEL LTD,TXL,08/10/2000
TRTHEIM TECHNOLOGY,MKV,03/17/1997
TRUEVISION,TVI,11/29/1996
"TTE, INC.",TTE,01/18/2005
TULIP COMPUTERS INT'L B.V.,TCI,11/29/1996
"TURBO COMMUNICATION, INC",TBC,09/01/1998
TURTLE BEACH SYSTEM,TBS,11/29/1996
TUT SYSTEMS,TUT,08/19/1997
TV INTERACTIVE CORPORATION,TVR,11/29/1996
TV ONE LTD,TVO,09/02/2008
TV1 GMBH,TVV,02/06/2012
TVS ELECTRONICS LIMITED,TVS,05/20/2008
TWINHEAD INTERNATIONAL CORPORATION,TWH,11/29/1996
TYAN COMPUTER CORPORATION,TYN,11/29/1996
U. S. ELECTRONICS INC.,USE,10/28/2013
U.S. DIGITAL CORPORATION,USD,11/29/1996
U.S. NAVAL RESEARCH LAB,NRL,11/29/1996
U.S. NAVY,TSP,10/17/2002
U.S. ROBOTICS INC,USR,11/29/1996
UBINETICS LTD.,UBL,05/23/2002
"UEDA JAPAN RADIO CO., LTD.",UJR,07/09/2003
UEFI FORUM,PRP,02/03/2016
UFO SYSTEMS INC,UFO,11/29/1996
ULTIMA ASSOCIATES PTE LTD,UAS,01/02/1997
ULTIMA ELECTRONICS CORPORATION,UEC,09/01/1998
ULTIMACHINE,UMT,08/11/2016
ULTRA NETWORK TECH,ULT,11/29/1996
"UMEZAWA GIKEN CO.,LTD",UMG,04/10/2008
UNGERMANN-BASS INC,UBI,11/29/1996
UNI-TAKE INT'L INC.,WKH,06/17/2002
UNICATE,UNY,07/21/1998
"UNICOMPUTE TECHNOLOGY CO., LTD.",UTC,10/19/2020
UNIDEN CORPORATION,UDN,10/18/2004
UNIFORM INDUSTRIAL CORPORATION,UIC,11/29/1996
UNIFORM INDUSTRY CORP.,UNI,11/06/2001
UNIGRAF-USA,UFG,10/09/2008
UNISYS CORPORATION,UNB,11/29/1996
UNISYS CORPORATION,UNC,11/29/1996
UNISYS CORPORATION,UNM,11/29/1996
UNISYS CORPORATION,UNO,11/29/1996
UNISYS CORPORATION,UNS,11/29/1996
UNISYS CORPORATION,UNT,11/29/1996
UNISYS DSD,UNA,11/29/1996
UNITED MICROELECTR CORPORATION,UMC,11/29/1996
UNITOP,UNP,11/06/2001
UNIVERSAL ELECTRONICS INC,UEI,08/20/1997
UNIVERSAL EMPOWERING TECHNOLOGIES,UET,09/26/1997
UNIVERSAL MULTIMEDIA,UMM,10/08/2001
"UNIVERSAL SCIENTIFIC INDUSTRIAL CO., LTD.",USI,11/04/2003
UNIVERSITY COLLEGE,JGD,11/29/1996
UNIWILL COMPUTER CORP.,UWC,04/16/2004
UP TO DATE TECH,UTD,11/29/1996
UPPI,UPP,04/14/1998
UPS MANUFACTORING S.R.L.,RUP,03/15/2001
USC INFORMATION SCIENCES INSTITUTE,ASD,04/08/1997
UTIMACO SAFEWARE AG,USA,05/04/1998
V-STAR ELECTRONICS INC.,VSR,02/21/2000
VADATECH INC,VAT,07/09/2018
"VADDIO, LLC",VAD,11/30/2012
VADEM,VDM,11/29/1996
VAIO CORPORATION,VAI,04/18/2014
VALENCE COMPUTING CORPORATION,VAL,11/29/1996
VALLEY BOARD LTDA,VBT,03/15/2001
VALLEYBOARD LTDA.,VLB,04/05/1998
VALVE CORPORATION,VLV,03/06/2013
VANERUM GROUP,ITI,10/01/2013
VARIAN AUSTRALIA PTY LTD,VAR,04/19/2000
VARJO TECHNOLOGIES,VRT,11/17/2017
VATIV TECHNOLOGIES,VTV,04/12/2006
VBRICK SYSTEMS INC.,VBR,08/19/2009
VCONEX,VCX,06/15/2005
VDC DISPLAY SYSTEMS,VDC,04/29/2009
VECTOR INFORMATIK GMBH,VEC,09/10/1997
"VECTOR MAGNETICS, LLC",VCM,04/12/2006
VEKTREX,VEK,12/13/1996
VERIFONE INC,VFI,05/29/1998
VERMONT MICROSYSTEMS,VMI,11/29/1996
VERSALOGIC CORPORATION,VLC,05/25/2016
VESTAX CORPORATION,VTX,02/14/2012
VESTEL ELEKTRONIK SANAYI VE TICARET A. S.,VES,09/19/1997
VIA MONS LTD.,VIM,08/29/2012
VIA TECH INC,VIA,11/29/1996
"VICTOR COMPANY OF JAPAN, LIMITED",VCJ,02/06/2009
VICTOR DATA SYSTEMS,VDA,05/24/2000
VICTRON B.V.,VIC,11/29/1996
VIDEO & DISPLAY ORIENTED CORPORATION,VDO,11/29/1996
VIDEO COMPUTER S.P.A.,URD,02/24/1998
VIDEO INTERNATIONAL INC.,JWD,02/21/2000
VIDEO PRODUCTS INC,VPI,05/04/2010
VIDEOLAN TECHNOLOGIES,VLT,10/17/1997
VIDEOSERVER,VSI,06/25/1997
VIDEOTECHNIK BREITHAUPT,VTB,07/23/2013
VIDEOTRON CORP.,VTN,05/04/2010
VIDISYS GMBH & COMPANY,VDS,11/29/1996
"VIDITEC, INC.",VDT,11/08/1999
VIEWSONIC CORPORATION,VSC,11/29/1996
"VIEWTECK CO., LTD.",VTK,10/08/2001
VIKING CONNECTORS,VIK,11/29/1996
VINCA CORPORATION,VNC,11/29/1996
VINCI LABS,NHT,03/03/2006
VINE MICROS LIMITED,VML,06/16/2004
VINE MICROS LTD,VIN,04/19/2000
VIRTUAL COMPUTER CORPORATION,VCC,11/29/1996
VIRTUAL RESOURCES CORPORATION,VRC,11/29/1996
VISION QUEST,VQ@,10/26/2009
VISION SYSTEMS GMBH,VSP,11/29/1996
VISIONEER,VIS,11/29/1996
VISITECH AS,VIT,09/05/2006
VISLINK INTERNATIONAL LTD,VLK,08/27/2012
VISTACOM INC,VCI,11/29/1996
"VISUAL INTERFACE, INC",VIR,11/27/1998
VIVID TECHNOLOGY PTE LTD,VTL,11/29/1996
"VIZIO, INC",VIZ,06/06/2012
VLSI TECH INC,VTI,11/29/1996
"VMWARE INC.,",VMW,10/18/2011
VOICE TECHNOLOGIES GROUP INC,VTG,04/24/1997
VORTEX COMPUTERSYSTEME GMBH,GDT,11/29/1996
VPIXX TECHNOLOGIES INC.,VPX,12/05/2013
VR TECHNOLOGY HOLDINGS LIMITED,DSJ,01/19/2017
"VRGINEERS, INC.",VRG,09/07/2017
VRMAGIC HOLDING AG,VRM,04/12/2013
VRSHOW TECHNOLOGY LIMITED,TSW,03/29/2018
"VRSTUDIOS, INC.",VRS,06/22/2017
VTECH COMPUTERS LTD,VTS,11/29/1996
VTEL CORPORATION,VTC,11/29/1996
VUTRIX (UK) LTD,VUT,07/22/2003
VWEB CORP.,VWB,03/12/2004
W-DEV,WEL ,11/01/2010
WACOM TECH,WAC,11/29/1996
WALLIS HAMILTON INDUSTRIES,JPW,07/16/1999
"WANLIDA GROUP CO., LTD.",MLT,04/24/2014
WAVE ACCESS,WAL,12/13/1996
WAVE SYSTEMS,AWS,11/29/1996
WAVE SYSTEMS CORPORATION,WVM,12/05/1997
WAVEPHORE,WAV,11/29/1996
WAY2CALL COMMUNICATIONS,SEL,03/20/1997
WB SYSTEMTECHNIK GMBH,WBS,09/08/1997
WEARNES PERIPHERALS INTERNATIONAL (PTE) LTD,WPI,03/31/1998
WEARNES THAKRAL PTE,WTK,11/29/1996
WEBGEAR INC,WEB,01/30/1998
WESTERMO TELEINDUSTRI AB,WMO,01/13/2000
WESTERN DIGITAL,WDC,11/29/1996
WESTINGHOUSE DIGITAL ELECTRONICS,WDE,05/23/2003
WEY DESIGN AG,WEY,10/18/2004
WHISTLE COMMUNICATIONS,WHI,10/24/1998
WILDFIRE COMMUNICATIONS INC,WLD,02/13/1997
WILLNET INC.,WNI,04/19/2000
WINBOND ELECTRONICS CORPORATION,WEC,11/29/1996
WINMATE COMMUNICATION INC,WMT,03/15/2001
WINNOV L.P.,WNV,03/07/1997
WINRADIO COMMUNICATIONS,WRC,09/11/1997
WINTOP TECHNOLOGY INC,WIN,12/29/1996
WIPOTEC WIEGE- UND POSITIONIERSYSTEME GMBH,WWP,04/08/2014
WIPRO INFORMATION TECHNOLOGY LTD,WIL,11/29/1996
WIPRO INFOTECH,WIP,01/09/2004
WIRELESS AND SMART PRODUCTS INC.,WSP,03/20/1999
WISECOM INC,WCI,11/29/1996
WISTRON CORPORATION,WST,09/03/2010
WOLF ADVANCED TECHNOLOGY,WLF,10/22/2019
WOLFSON MICROELECTRONICS LTD,WML,07/30/1997
WOLFVISION GMBH,WVV,09/18/2012
WOODWIND COMMUNICATIONS SYSTEMS INC,WCS,11/29/1996
"WOOYOUNG IMAGE & INFORMATION CO.,LTD.",WYT,01/18/2008
WORKSTATION TECH,WTI,11/29/1996
"WORLD WIDE VIDEO, INC.",WWV,10/24/1998
WOXTER TECHNOLOGY CO. LTD,WXT,09/03/2010
WYRESTORM TECHNOLOGIES LLC,WYR,09/05/2018
X-10 (USA) INC,XTN,02/24/1997
X2E GMBH,XTE,09/23/2009
XAC AUTOMATION CORP,XAC,02/22/1999
XDM LTD.,XDM,11/22/2010
XEDIA CORPORATION,MAD,11/29/1996
"XILINX, INC.",XLX,08/01/2007
XINEX NETWORKS INC,XIN,02/07/1997
XIOTECH CORPORATION,XIO,05/29/1998
XIRCOM INC,XRC,11/29/1996
XIROCM INC,XIR,11/29/1996
XITEL PTY LTD,XIT,11/29/1996
"XN TECHNOLOGIES, INC.",XNT,07/14/2003
XOCECO,UHB,11/27/1998
XORO ELECTRONICS (CHENGDU) LIMITED,XRO,05/23/2005
XS TECHNOLOGIES INC,XST,01/20/1998
XSCREEN AS,XSN,02/14/2006
XSYS,XSY,04/23/1998
XYCOTEC COMPUTER GMBH,XYC,09/03/2002
Y-E DATA INC,YED,11/29/1996
YAMAHA CORPORATION,YMH,11/29/1996
YASUHIKO SHIRAI MELCO INC,BUF,11/29/1996
YOKOGAWA ELECTRIC CORPORATION,YHQ,11/29/1996
YPOAZ SYSTEMS INC,TPZ,11/29/1996
Z MICROSYSTEMS,ZMZ,08/10/2005
Z3 TECHNOLOGY,ZTT,12/14/2010
"ZALMAN TECH CO., LTD.",ZMT,05/07/2007
ZANDAR TECHNOLOGIES PLC,ZAN,12/03/2003
ZEBAX TECHNOLOGIES,ZBX,10/16/2015
"ZEBRA TECHNOLOGIES INTERNATIONAL, LLC",ZBR,09/15/2003
"ZEEVEE, INC.",ZAZ,01/18/2008
ZEFIRO ACOUSTICS,ZAX,11/29/1996
ZEITCONTROL CARDSYSTEMS GMBH,ZCT,01/20/1999
ZENIC INC.,ZEN,04/17/2015
ZENITH DATA SYSTEMS,ZDS,11/29/1996
ZENITH DATA SYSTEMS,ZGT,11/29/1996
ZENITH DATA SYSTEMS,ZSE,11/29/1996
ZETINET INC,ZNI,11/29/1996
"ZHEJIANG TIANLE DIGITAL ELECTRIC CO., LTD.",TLE,01/17/2014
ZHONG SHAN CITY RICHSOUND ELECTRONIC INDUSTRIAL LTD.,RSR,01/27/2015
ZNYX ADV. SYSTEMS,ZNX,11/29/1996
ZOOM TELEPHONICS INC,ZTI,11/29/1996
ZORAN CORPORATION,ZRN,03/31/2005
"ZOWIE INTERTAINMENT, INC",ZOW,02/22/1999
ZT GROUP INT'L INC.,ZTM,06/14/2007
ZTE CORPORATION,ZTE,09/03/2010
ZUNIQ DATA CORPORATION,SIX,11/29/1996
ZYDACRON INC,ZYD,04/10/1997
ZYDAS TECHNOLOGY CORPORATION,ZTC,05/24/2000
ZYPCOM INC,ZYP,03/19/1997
ZYTEX COMPUTERS,ZYT,11/29/1996
ZYTOR COMMUNICATIONS,HPA,07/02/2010
ZYXEL,ZYX,11/29/1996